rs1544410,CC,Витамин Д
rs731236,AA,Витамин Д
rs2282679,TT,Витамин Д
rs12785878,GG,Витамин Д
rs10741657,GG,Витамин Д
rs705117,TT,Витамин Д
rs1155563,TT,Витамин Д
rs222016,AA,Витамин Д
rs1491710,AA,Витамин Д
rs4588,CC,Витамин Д
rs7041,AA,Витамин Д
rs3829251,GG,Витамин Д
rs2060793,GG,Витамин Д
rs2280273,TT,Витамин Д
rs11572223,GG,Витамин Д
rs11572311,AA,Витамин Д
rs61495246,AA,Витамин Д
rs7129781,TT,Витамин Д
rs75774690,CC,Витамин Д
rs2681116,TT,Витамин С
rs6596473,CC,Витамин С
rs4257763,GG,Витамин С
rs33972313,CC,Витамин С
rs11950646,GG,Витамин С
rs6053005,CC,Витамин С
rs6133175,GG,Витамин С
rs1279683,AA,Витамин С
rs6139591,GG,Витамин С
rs10063949,CC,Витамин С
rs12934922,AA,Витамин А
rs7501331,CC,Витамин А
rs6564851,TT,Витамин А
rs4973216,CC,Витамин В1
rs11682956,GG,Витамин В1
rs7585481,CC,Витамин В1
rs10933203,CC,Витамин В1
rs12493802,CC,Витамин В1
rs4687718,GG,Витамин В1
rs11717712,CC,Витамин В1
rs4687717,CC,Витамин В1
rs17336718,CC,Витамин В1
rs10126322,CC,Витамин В1
rs2239466,AA,Витамин В1
rs766420,CC,Витамин В1
rs10274162,TT,Витамин В1
rs7804157,TT,Витамин В1
rs2057868,GG,Витамин В1
rs4726711,GG,Витамин В1
rs371271054,TT,Витамин В1
rs13245975,TT,Витамин В1
rs4725658,TT,Витамин В1
rs228587,CC,Витамин В1
rs346822,CC,Витамин В2
rs2929859,TT,Витамин В2
rs16852179,TT,Витамин В2
rs4494951,GG,Витамин В2
rs6054605,GG,Витамин В2
rs910857,GG,Витамин В2
rs3746807,GG,Витамин В2
rs3746802,TT,Витамин В2
rs3746804,GG,Витамин В2
rs34499319,GG,Витамин В2
rs4244593,GG,Витамин В4
rs174548,CC,Витамин В4
rs11578532,TT,Витамин В4
rs671919,GG,Витамин В4
rs4949874,TT,Витамин В4
rs6658825,CC,Витамин В4
rs10874305,CC,Витамин В4
rs1036950,TT,Витамин В4
rs12738260,TT,Витамин В4
rs649352,TT,Витамин В4
rs211699,GG,Витамин В4
rs10493565,AA,Витамин В4
rs7946,CC,Витамин В4
rs4646409,AA,Витамин В4
rs750546,CC,Витамин В4
rs3760188,CC,Витамин В4
rs4646404,GG,Витамин В4
rs1051266,TT,Витамин В4
rs2236225,GG,Витамин В4
rs1880676,GG,Витамин В4
rs7520974,GG,Витамин В4
rs2289205,CC,Витамин В4
rs12325817,CC,Витамин В4
rs4646343,GG,Витамин В4
rs4815628,CC,Витамин В5
rs41279408,CC,Витамин В5
rs12480318,CC,Витамин В5
rs71647828,TT,Витамин В5
rs11906612,CC,Витамин В5
rs4815621,AA,Витамин В5
rs6084513,CC,Витамин В5
rs6084506,CC,Витамин В5
rs6107373,GG,Витамин В5
rs6116087,AA,Витамин В5
rs17679445,GG,Витамин В6
rs11079804,CC,Витамин В6
rs2276528,GG,Витамин В6
rs8128639,CC,Витамин В6
rs1106797,AA,Витамин В6
rs13050307,AA,Витамин В6
rs4654748,CC,Витамин В6
rs1256335,AA,Витамин В6
rs2275370,AA,Витамин В6
rs3767150,GG,Витамин В6
rs3767155,CC,Витамин В6
rs1256348,CC,Витамин В6
rs2242420,CC,Витамин В6
rs885813,CC,Витамин В6
rs1772719,AA,Витамин В6
rs121964972,GG,Витамин В6
rs5742905,TT,Витамин В6
rs2236225,GG,Витамин В6
rs13073139,GG,Витамин В7
rs34885143,GG,Витамин В7
rs13078881,GG,Витамин В7
rs7640807,TT,Витамин В7
rs35034250,CC,Витамин В7
rs28934601,AA,Витамин В7
rs104893688,CC,Витамин В7
rs1801133,GG,Витамин В9
rs1801131,TT,Витамин В9
rs2236225,GG,Витамин В9
rs1805087,AA,Витамин В9
rs1801394,AA,Витамин В9
rs1051266,TT,Витамин В9
rs7925545,AA,Витамин В9
rs144637717,TT,Витамин В9
rs4973216,CC,Витамин В9
rs17349743,TT,Витамин В9
rs2295639,TT,Витамин В9
rs11754661,GG,Витамин В9
rs326124,GG,Витамин В9
rs744731,TT,Витамин В9
rs10923895,TT,Витамин В9
rs6495446,CC,Витамин В9
rs942835,TT,Витамин В9
rs1076991,CC,Витамин В9
rs1031326,CC,Витамин В9
rs1532268,CC,Витамин В9
rs10064631,CC,Витамин В9
rs2287780,CC,Витамин В9
rs8011839,CC,Витамин В9
rs2281617,CC,Витамин В9
rs1979277,GG,Витамин В9
rs3828090,GG,Витамин В9
rs8004018,AA,Витамин В9
rs543703,AA,Витамин В9
rs651933,GG,Витамин В9
rs6495449,GG,Витамин В9
rs10604,AA,Витамин В9
rs162036,AA,Витамин В9
rs10498514,AA,Витамин В9
rs12512471,TT,Витамин В9
rs602662,AA,Витамин В12
rs1805087,AA,Витамин В12
rs1801133,GG,Витамин В12
rs601338,GG,Витамин В12
rs16982241,GG,Витамин В12
rs10925263,TT,Витамин В12
rs2283873,GG,Витамин В12
rs1801394,AA,Витамин В12
rs326124,GG,Витамин В12
rs1801239,TT,Витамин В12
rs703062,CC,Витамин В12
rs5749135,CC,Витамин В12
rs557564,CC,Витамин В12
rs117699377,CC,Витамин В12
rs1532268,CC,Витамин В12
rs2287780,CC,Витамин В12
rs10064631,CC,Витамин В12
rs526934,AA,Витамин В12
rs10925257,AA,Витамин В12
rs34324219,CC,Витамин В12
rs492602,AA,Витамин В12
rs9606756,AA,Витамин В12
rs7703033,GG,Витамин В12
rs162036,AA,Витамин В12
rs11254363,AA,Витамин В12
rs3760776,GG,Витамин В12
rs708686,CC,Витамин В12
rs17708472,GG,Витамин К
rs9923231,CC,Витамин К
rs7294,CC,Витамин К
rs2359612,GG,Витамин К
rs9934438,GG,Витамин К
rs2884737,AA,Витамин К
rs12272004,CC,Витамин Е
rs11057830,GG,Витамин Е
rs6564851,TT,Витамин Е
rs1695,AA,Витамин Е
rs964184,CC,Витамин Е
rs4561213,TT,Магний
rs7045949,TT,Магний
rs3750425,CC,Магний
rs6560408,CC,Магний
rs7859201,AA,Магний
rs4072037,TT,Магний
rs2592394,GG,Магний
rs13146355,GG,Магний
rs448378,AA,Магний
rs7965584,AA,Магний
rs11144134,CC,Магний
rs6584273,CC,Магний
rs752010,CC,Магний
rs7174119,AA,Магний
rs35804026,TT,Магний
rs1333343,TT,Магний
rs2254229,TT,Магний
rs11144085,GG,Магний
rs2274925,AA,Магний
rs3925584,TT,Магний
rs1801725,GG,Кальций
rs17251221,AA,Кальций
rs7647446,GG,Кальций
rs3804592,GG,Кальций
rs6438715,CC,Кальций
rs1802757,CC,Кальций
rs9869969,AA,Кальций
rs6438707,AA,Кальций
rs2202127,AA,Кальций
rs1042636,AA,Кальций
rs4765913,TT,Кальций
rs7295250,TT,Кальций
rs2239101,TT,Кальций
rs758231,GG,Кальций
rs1006737,GG,Кальций
rs17223925,GG,Кальций
rs16929471,GG,Кальций
rs4765905,GG,Кальций
rs111915616,GG,Кальций
rs2239097,CC,Кальций
rs2887780,TT,Кальций
rs116992907,CC,Кальций
rs2159100,CC,Кальций
rs2302729,CC,Кальций
rs16929470,CC,Кальций
rs2239089,GG,Кальций
rs16929486,AA,Кальций
rs1009281,AA,Кальций
rs4394887,GG,Кальций
rs1006564,GG,Кальций
rs1108385,CC,Кальций
rs11831085,AA,Кальций
rs3794288,AA,Кальций
rs216013,AA,Кальций
rs2370251,CC,Кальций
rs886898,CC,Кальций
rs7972947,CC,Кальций
rs142704083,GG,Кальций
rs58173258,GG,Кальций
rs60734921,CC,Кальций
rs10848683,TT,Кальций
rs2238095,GG,Кальций
rs12298278,TT,Кальций
rs4765687,GG,Кальций
rs7312105,AA,Кальций
rs4926244,TT,Кальций
rs16019,TT,Кальций
rs8109003,GG,Кальций
rs2304094,GG,Кальций
rs7250783,GG,Кальций
rs16016,CC,Кальций
rs11879128,TT,Кальций
rs10403191,CC,Кальций
rs2419549,GG,Кальций
rs1345649,AA,Кальций
rs17846914,AA,Кальций
rs35380374,TT,Кальций
rs10407144,TT,Кальций
rs75148188,TT,Кальций
rs4340440,GG,Кальций
rs12985786,GG,Кальций
rs7250857,TT,Кальций
rs4926293,CC,Кальций
rs2900964,AA,Кальций
rs1422257,TT,Кальций
rs2292035,TT,Кальций
rs4632265,TT,Кальций
rs16027,CC,Кальций
rs4926152,CC,Кальций
rs10925298,TT,Кальций
rs2485570,TT,Кальций
rs722582,GG,Кальций
rs6683225,CC,Кальций
rs10925399,CC,Кальций
rs6683160,AA,Кальций
rs918241,CC,Кальций
rs16834780,AA,Кальций
rs13266634,CC,Цинк
rs4908107,GG,Цинк
rs1505521,GG,Цинк
rs4646437,GG,Цинк
rs2072704,GG,Цинк
rs55901263,GG,Цинк
rs111811483,CC,Цинк
rs11558471,AA,Цинк
rs2466293,AA,Цинк
rs11781136,AA,Цинк
rs2047962,GG,Цинк
rs12522805,GG,Цинк
rs527392,TT,Цинк
rs1568569,GG,Цинк
rs595641,GG,Цинк
rs17366568,GG,Цинк
rs7113940,TT,Цинк
rs3821799,TT,Цинк
rs185949718,CC,Цинк
rs7678298,CC,Цинк
rs17060812,CC,Цинк
rs896378,CC,Цинк
rs10488695,CC,Цинк
rs13427170,AA,Цинк
rs7833266,AA,Цинк
rs182052,GG,Цинк
rs883396,GG,Цинк
rs10925257,AA,Цинк
rs1805087,AA,Цинк
rs2241767,AA,Цинк
rs1926740,GG,Цинк
rs11818989,TT,Цинк
rs692570,GG,Цинк
rs2497766,GG,Цинк
rs12358488,GG,Цинк
rs2497756,GG,Цинк
rs6482124,CC,Цинк
rs2497760,CC,Цинк
rs7893618,AA,Цинк
rs573264,GG,Цинк
rs402311,TT,Цинк
rs575707,CC,Цинк
rs848189,CC,Цинк
rs3781998,CC,Цинк
rs530532,AA,Цинк
rs1050631,GG,Цинк
rs2769264,TT,Цинк
rs76151636,GG,Медь
rs7334118,TT,Медь
rs60986317,GG,Медь
rs1801249,GG,Медь
rs10817465,CC,Медь
rs1801248,CC,Медь
rs1061472,CC,Медь
rs2830051,TT,Медь
rs7283136,TT,Медь
rs13098532,TT,Медь
rs2830008,TT,Медь
rs383700,GG,Медь
rs7276036,GG,Медь
rs2830076,CC,Медь
rs3991,CC,Медь
rs380417,TT,Медь
rs128648,CC,Медь
rs13095262,AA,Медь
rs462281,AA,Медь
rs6516727,AA,Медь
rs3008821,AA,Медь
rs9689513,GG,Медь
rs12515434,CC,Медь
rs2984659,AA,Медь
rs34259545,TT,Медь
rs10147954,TT,Медь
rs1955611,GG,Медь
rs11623598,CC,Медь
rs8020095,GG,Медь
rs3784077,AA,Медь
rs10148212,AA,Медь
rs11848862,AA,Медь
rs7574498,AA,Медь
rs9689513,GG,Молибден
rs3008821,AA,Молибден
rs2984659,AA,Молибден
rs12515434,CC,Молибден
rs72549324,TT,Молибден
rs28363581,TT,Молибден
rs1736557,GG,Молибден
rs61753344,GG,Молибден
rs2066532,GG,Молибден
rs1800822,CC,Молибден
rs2075992,CC,Молибден
rs909529,CC,Молибден
rs10797894,AA,Молибден
rs2266780,AA,Молибден
rs1057251,TT,Молибден
rs491339,TT,Молибден
rs3744900,GG,Молибден
rs12454634,CC,Молибден
rs2848584,CC,Молибден
rs1800562,GG,Железо
rs9366637,CC,Железо
rs855791,GG,Железо
rs1799945,CC,Железо
rs4880,AA,Железо
rs9859260,TT,Железо
rs11915082,GG,Железо
rs11717368,CC,Железо
rs5756506,GG,Железо
rs2235321,GG,Железо
rs9619658,CC,Железо
rs2413450,CC,Железо
rs228916,TT,Железо
rs2111833,CC,Железо
rs5756504,CC,Железо
rs2246092,AA,Железо
rs4820268,AA,Железо
rs4140589,GG,Железо
rs62625346,GG,Железо
rs7596205,GG,Железо
rs1123110,AA,Железо
rs1801274,AA,Железо
rs1880669,CC,Железо
rs8177271,GG,Железо
rs3811647,GG,Железо
rs2075672,GG,Железо
rs1049296,CC,Железо
rs1799852,CC,Железо
rs17342717,CC,Железо
rs1165196,AA,Железо
rs1185567,GG,Железо
rs2762353,GG,Железо
rs8177191,GG,Железо
rs7385804,AA,Железо
rs10047462,TT,Железо
rs1408272,TT,Железо
rs4516970,GG,Железо
rs1457451,GG,Железо
rs236918,GG,Железо
rs2052550,TT,Железо
rs13194491,CC,Железо
rs973968,AA,Железо
rs29880,AA,Железо
rs2698530,AA,Железо
rs2231164,CC,Железо
rs13120400,TT,Железо
rs1481012,GG,Железо
rs4148155,AA,Железо
rs4148152,TT,Железо
rs3114018,AA,Железо
rs2622604,TT,Железо
rs72552713,GG,Железо
rs2231142,GG,Железо
rs3116448,AA,Железо
rs2239484,AA,Железо
rs2071594,GG,Железо
rs13072552,GG,Железо
rs772908,GG,Железо
rs960748,GG,Железо
rs10455,GG,Железо
rs149411,AA,Железо
rs12711924,GG,Железо
rs2071302,TT,Железо
rs1568569,GG,Марганец
rs4872479,GG,Марганец
rs17060812,CC,Марганец
rs896378,CC,Марганец
rs7833266,AA,Марганец
rs13103835,TT,Марганец
rs2165265,TT,Марганец
rs151402,GG,Марганец
rs4588460,TT,Марганец
rs13126885,CC,Марганец
rs151392,CC,Марганец
rs7664683,CC,Марганец
rs4699012,AA,Марганец
rs2298752,GG,Марганец
rs151401,AA,Марганец
rs7699390,AA,Марганец
rs6700061,CC,Марганец
rs4846607,GG,Марганец
rs2234916,AA,Калий
rs12079419,CC,Калий
rs10854373,CC,Калий
rs16890334,TT,Калий
rs2030114,GG,Калий
rs10930597,CC,Калий
rs11887188,CC,Калий
rs9282564,TT,Калий
rs55852620,TT,Калий
rs2032588,GG,Калий
rs3789243,GG,Калий
rs10276036,TT,Калий
rs4148737,TT,Калий
rs1922240,TT,Калий
rs12720067,CC,Калий
rs3842,TT,Калий
rs7787082,GG,Калий
rs1128503,GG,Калий
rs2235033,AA,Калий
rs4148740,AA,Калий
rs2032583,AA,Калий
rs3213619,AA,Калий
rs3747802,AA,Калий
rs10808071,AA,Калий
rs7218917,GG,Калий
rs9894841,TT,Калий
rs62070884,CC,Калий
rs2247810,TT,Калий
rs13050198,TT,Калий
rs2211698,GG,Калий
rs727957,GG,Калий
rs3453,TT,Калий
rs1805127,CC,Калий
rs2834485,AA,Калий
rs11088283,AA,Калий
rs1892593,GG,Калий
rs12151188,CC,Селен
rs2769264,TT,Селен
rs4325816,TT,Селен
rs11548,CC,Селен
rs9637365,TT,Селен
rs10412049,CC,Селен
rs2769265,CC,Селен
rs2264132,CC,Селен
rs3733548,AA,Селен
rs9420,GG,Селен
rs11718498,GG,Селен
rs10173522,CC,Селен
rs6539137,TT,Селен
rs3788317,GG,Селен
rs9606186,GG,Селен
rs11541479,GG,Селен
rs10861192,CC,Селен
rs13306278,CC,Селен
rs4630362,CC,Селен
rs147285094,CC,Селен
rs9332314,CC,Селен
rs3788314,AA,Селен
rs756661,AA,Селен
rs4880,AA,Селен
rs2048722,GG,Йод
rs1126799,CC,Йод
rs13398180,CC,Йод
rs45602038,CC,Йод
rs6588678,GG,Йод
rs4927608,AA,Йод
rs13431646,CC,Йод
rs6732480,CC,Йод
rs4927606,CC,Йод
rs10519477,CC,Йод
rs11694726,CC,Йод
rs7602332,CC,Йод
rs2071403,GG,Йод
rs13424221,GG,Йод
rs1567919,CC,Йод
rs1801131,TT,Метилирование
rs2236225,GG,Метилирование
rs1805087,AA,Метилирование
rs1801394,AA,Метилирование
rs1801133,GG,Метилирование
rs567754,CC,Метилирование
rs162036,AA,Метилирование
rs1800779,AA,Метилирование
rs1799983,GG,Метилирование
rs3741049,GG,Метилирование
rs819171,TT,Метилирование
rs651852,CC,Метилирование
rs3733890,GG,Метилирование
rs1051266,TT,Метилирование
rs10380,CC,Метилирование
rs1979277,GG,Метилирование
rs17367504,AA,Метилирование
rs4680,GG,Метилирование
rs4633,CC,Метилирование
rs17349743,TT,Метилирование
rs11754661,GG,Метилирование
rs2287780,CC,Метилирование
rs651933,GG,Метилирование
rs526934,AA,Метилирование
rs6495446,CC,Метилирование
rs9606756,AA,Метилирование
rs234706,GG,Метилирование
rs4244593,GG,Метилирование
rs1476413,CC,Метилирование
rs1076991,CC,Метилирование
rs2274976,CC,Метилирование
rs502396,CC,Метилирование
rs1131603,TT,Метилирование
rs7946,CC,Метилирование
rs4820889,GG,Метилирование
rs2283873,GG,Метилирование
rs4654748,CC,Метилирование
rs1999594,AA,Метилирование
rs1802059,GG,Метилирование
rs2187668,CC,Глютен
rs2858331,AA,Глютен
rs4988889,GG,Глютен
rs6441961,TT,Глютен
rs6822844,GG,Глютен
rs13119723,AA,Глютен
rs2395182,TT,Глютен
rs9851967,CC,Глютен
rs7775228,TT,Глютен
rs4713586,AA,Глютен
rs3184504,CC,Глютен
rs231775,AA,Глютен
rs1464510,CC,Глютен
rs1738074,TT,Глютен
rs2816316,AA,Глютен
rs45450798,CC,Глютен
rs4988235,AA,Лактоза
rs182549,TT,Лактоза
rs2278544,AA,Лактоза
rs2322659,TT,Лактоза
rs2304371,AA,Лактоза
rs145946881,CC,Лактоза
rs1535,AA,Омега-3
rs174556,CC,Омега-3
rs174561,TT,Омега-3
rs174575,CC,Омега-3
rs3834458,TT,Омега-3
rs174553,AA,Омега-3
rs99780,CC,Омега-3
rs174583,CC,Омега-3
rs174448,GG,Омега-3
rs174547,TT,Омега-3
rs174546,CC,Омега-3
rs174550,TT,Омега-3
rs174548,CC,Омега-3
rs174602,TT,Омега-3
rs174593,TT,Омега-3
rs174579,CC,Омега-3
rs174570,CC,Омега-3
rs174618,TT,Омега-3
rs2727270,CC,Омега-3
rs498793,CC,Омега-3
rs174577,CC,Омега-3
rs174576,CC,Омега-3
rs2072114,AA,Омега-3
rs2277324,GG,Омега-3
rs16940765,TT,Омега-3
rs17718324,GG,Омега-3
rs953413,GG,Омега-3
rs174537,GG,Омега-3
rs1570069,AA,Омега-3
rs3798719,CC,Омега-3
rs7744440,TT,Омега-3
rs806368,TT,CBD
rs2494732,CC,CBD
rs6454674,TT,CBD
rs9900808,GG,CBD
rs4680,GG,CBD
rs1049353,CC,CBD
rs806377,TT,CBD
rs324420,CC,CBD
rs1057910,AA,CBD
rs1417205,AA,CBD
rs662,CC,Окисл. стресс
rs1800566,GG,Окисл. стресс
rs4880,AA,Окисл. стресс
rs10517,GG,Окисл. стресс
rs6539137,TT,Окисл. стресс
rs4135168,TT,Окисл. стресс
rs2551715,CC,Окисл. стресс
rs2978663,TT,Окисл. стресс
rs3730192,TT,Окисл. стресс
rs17881586,GG,Окисл. стресс
rs17881734,GG,Окисл. стресс
rs10861192,CC,Окисл. стресс
rs1138272,CC,Окисл. стресс
rs4630362,CC,Окисл. стресс
rs769217,CC,Окисл. стресс
rs147285094,CC,Окисл. стресс
rs1041740,CC,Окисл. стресс
rs4135183,CC,Окисл. стресс
rs17881288,AA,Окисл. стресс
rs2551698,AA,Окисл. стресс
rs2978662,AA,Окисл. стресс
rs8190996,GG,Окисл. стресс
rs2001350,TT,Окисл. стресс
rs2297518,GG,Окисл. стресс
rs2229738,CC,Карнитин
rs2229291,TT,Карнитин
rs1871748,CC,Карнитин
rs151003641,CC,Карнитин
rs74315298,CC,Карнитин
rs1799821,GG,Карнитин
rs370493,AA,Карнитин
rs1799822,AA,Карнитин
rs2278907,AA,Карнитин
rs28383481,GG,Карнитин
rs72552726,GG,Карнитин
rs274567,CC,Карнитин
rs2631367,GG,Карнитин
rs274551,CC,Карнитин
rs189174414,TT,Карнитин
rs3019593,TT,Карнитин
rs2924689,TT,Карнитин
rs2924685,TT,Карнитин
rs3019578,CC,Карнитин
rs191107774,CC,Карнитин
rs1017640,CC,Карнитин
rs7938117,GG,Карнитин
rs7112615,AA,Карнитин
rs897047,AA,Карнитин
rs11568520,CC,Карнитин
rs11754661,GG,Митохондрии
rs999571,GG,Митохондрии
rs1801394,AA,Митохондрии
rs2297518,GG,Митохондрии
rs2238151,CC,Митохондрии
rs1076991,CC,Митохондрии
rs968529,CC,Митохондрии
rs3783637,CC,Митохондрии
rs1532268,CC,Митохондрии
rs16941667,CC,Митохондрии
rs10064631,CC,Митохондрии
rs2236225,GG,Митохондрии
rs1800779,AA,Митохондрии
rs4850,GG,Митохондрии
rs4869089,AA,Митохондрии
rs162036,AA,Митохондрии
rs7703033,GG,Митохондрии
rs1985908,AA,Митохондрии
rs16941669,TT,Митохондрии
rs1051266,TT,Митохондрии
rs2778475,GG,Митохондрии
rs7254913,AA,Митохондрии
rs1244414,CC,Митохондрии
rs1104739,AA,Митохондрии
rs34095989,GG,Митохондрии
rs35859650,GG,Митохондрии
rs17602729,GG,Митохондрии
rs926938,GG,Митохондрии
rs34677591,GG,Митохондрии
rs11214077,AA,Митохондрии
rs12985380,GG,Митохондрии
rs3786625,GG,Митохондрии
rs11203289,GG,Митохондрии
rs33927012,AA,Митохондрии
rs2307440,GG,Митохондрии
rs2307449,TT,Митохондрии
rs2307441,TT,Митохондрии
rs3087374,CC,Митохондрии
rs12873870,CC,Митохондрии
rs667226,TT,Митохондрии
rs536662,GG,Митохондрии
rs3790694,CC,Митохондрии
rs2073643,TT,Митохондрии
rs25683,AA,Митохондрии
rs17349743,TT,Митохондрии
rs4880,AA,Митохондрии
rs11585941,AA,Митохондрии
rs12770829,CC,Митохондрии
rs1024611,AA,Митохондрии
rs7946,CC,Митохондрии
rs4244593,GG,Митохондрии
rs671,GG,Митохондрии
rs7224199,TT,Серотонин
rs28914829,GG,Серотонин
rs11657536,GG,Серотонин
rs140700,CC,Серотонин
rs2066713,GG,Серотонин
rs1042173,AA,Серотонин
rs6314,GG,Серотонин
rs9316232,GG,Серотонин
rs2224721,GG,Серотонин
rs6313,GG,Серотонин
rs1928040,GG,Серотонин
rs7984966,CC,Серотонин
rs9567737,CC,Серотонин
rs9316233,CC,Серотонин
rs7997012,AA,Серотонин
rs9567746,AA,Серотонин
rs6312,TT,Серотонин
rs1805055,GG,Серотонин
rs6305,GG,Серотонин
rs7330636,CC,Серотонин
rs1328674,CC,Серотонин
rs6311,CC,Серотонин
rs12583882,AA,Серотонин
rs3742278,AA,Серотонин
rs2020933,AA,Серотонин
rs11077820,TT,Серотонин
rs56232120,GG,Серотонин
rs35815285,GG,Серотонин
rs11604247,CC,Серотонин
rs1062613,CC,Серотонин
rs1176713,AA,Серотонин
rs2276302,AA,Серотонин
rs17288723,TT,Серотонин
rs1487278,TT,Серотонин
rs10879346,CC,Серотонин
rs1843809,TT,Серотонин
rs1799913,GG,Серотонин
rs4570625,GG,Серотонин
rs9325202,GG,Серотонин
rs2129785,TT,Серотонин
rs4565946,CC,Серотонин
rs6295,GG,Серотонин
rs1386494,CC,Серотонин
rs11179003,CC,Серотонин
rs11568817,AA,Серотонин
rs10748189,CC,Серотонин
rs17110563,CC,Серотонин
rs6296,CC,Серотонин
rs11867581,GG,Серотонин
rs878567,GG,Серотонин
rs211107,CC,Серотонин
rs1386488,AA,Серотонин
rs17722134,AA,Серотонин
rs201779669,TT,Серотонин
rs147198243,TT,Серотонин
rs145278314,TT,Серотонин
rs34550504,TT,Серотонин
rs200889198,GG,Серотонин
rs61907889,GG,Серотонин
rs79874540,GG,Серотонин
rs12805047,GG,Серотонин
rs118187155,CC,Серотонин
rs114014601,CC,Серотонин
rs35201864,CC,Серотонин
rs79779791,CC,Серотонин
rs146411553,CC,Серотонин
rs1549339,AA,Серотонин
rs2276307,AA,Серотонин
rs146375175,AA,Серотонин
rs76303657,AA,Серотонин
rs45570136,AA,Серотонин
rs676643,GG,Серотонин
rs130060,AA,Серотонин
rs17706602,CC,Серотонин
rs7725785,CC,Серотонин
rs78932366,AA,Серотонин
rs1611115,CC,Дофамин
rs5320,GG,Дофамин
rs2519154,CC,Дофамин
rs2007153,CC,Дофамин
rs1611123,CC,Дофамин
rs5322,CC,Дофамин
rs1108580,AA,Дофамин
rs1541332,AA,Дофамин
rs3025382,GG,Дофамин
rs1108581,AA,Дофамин
rs77905,GG,Дофамин
rs3025399,AA,Дофамин
rs10993949,AA,Дофамин
rs4703822,GG,Дофамин
rs26907,GG,Дофамин
rs17410422,CC,Дофамин
rs1800497,GG,Дофамин
rs1049353,CC,Дофамин
rs6265,CC,Дофамин
rs2295193,AA,Дофамин
rs324420,CC,Дофамин
rs17030795,AA,Дофамин
rs8044769,CC,Дофамин
rs6280,TT,Дофамин
rs4867798,TT,Дофамин
rs1125394,TT,Дофамин
rs4436578,TT,Дофамин
rs1799978,TT,Дофамин
rs4648317,GG,Дофамин
rs6277,GG,Дофамин
rs3773678,GG,Дофамин
rs4532,TT,Дофамин
rs2440390,CC,Дофамин
rs1079597,CC,Дофамин
rs2283265,CC,Дофамин
rs5326,CC,Дофамин
rs1076560,CC,Дофамин
rs752306,CC,Дофамин
rs265981,GG,Дофамин
rs686,AA,Дофамин
rs1076563,AA,Дофамин
rs1486009,AA,Дофамин
rs9824856,AA,Дофамин
rs167771,AA,Дофамин
rs12364283,AA,Дофамин
rs9288993,AA,Дофамин
rs4460839,TT,Дофамин
rs12363125,CC,Дофамин
rs1800499,CC,Дофамин
rs11214606,CC,Дофамин
rs2734838,AA,Дофамин
rs2734833,GG,Дофамин
rs1079598,AA,Дофамин
rs3776512,GG,Дофамин
rs460000,GG,Дофамин
rs27072,CC,Дофамин
rs6347,TT,Дофамин
rs2617605,TT,Дофамин
rs28363168,CC,Дофамин
rs921451,TT,Дофамин
rs2242446,TT,Дофамин
rs1006737,GG,Дофамин
rs968529,CC,Дофамин
rs4633,CC,Дофамин
rs10761482,CC,Дофамин
rs2159100,CC,Дофамин
rs3735273,CC,Дофамин
rs10994336,CC,Дофамин
rs3785143,CC,Дофамин
rs2302729,CC,Дофамин
rs165599,AA,Дофамин
rs6269,AA,Дофамин
rs216013,AA,Дофамин
rs7633291,TT,Дофамин
rs324026,TT,Дофамин
rs167770,AA,Дофамин
rs7876027,TT,Дофамин
rs3025422,TT,Дофамин
rs53576,GG,Окситоцин
rs2254298,GG,Окситоцин
rs918316,TT,Окситоцин
rs2268492,CC,Окситоцин
rs2268491,CC,Окситоцин
rs8043440,TT,Окситоцин
rs981347,TT,Окситоцин
rs4906679,TT,Окситоцин
rs6265,CC,Окситоцин
rs237899,GG,Окситоцин
rs8192466,GG,Окситоцин
rs3751582,TT,Окситоцин
rs925946,TT,Окситоцин
rs3212335,CC,Окситоцин
rs1801253,CC,Адреналин
rs1042714,CC,Адреналин
rs1800888,CC,Адреналин
rs1042711,TT,Адреналин
rs1042713,GG,Адреналин
rs1801704,TT,Адреналин
rs1360780,CC,Кортизол
rs10482633,TT,Кортизол
rs6190,CC,Кортизол
rs6189,CC,Кортизол
rs9324921,CC,Кортизол
rs852977,AA,Кортизол
rs5522,TT,Кортизол
rs1724385,GG,Кортизол
rs1490453,GG,Кортизол
rs17024387,GG,Кортизол
rs3846329,GG,Кортизол
rs1724422,AA,Кортизол
rs2871,TT,Кортизол
rs4635799,TT,Кортизол
rs3846317,CC,Кортизол
rs6836191,TT,Кортизол
rs1876829,TT,Кортизол
rs7698307,CC,Кортизол
rs17484454,TT,Кортизол
rs13184611,CC,Кортизол
rs13116332,GG,Кортизол
rs7757037,GG,Кортизол
rs110402,AA,Кортизол
rs7658048,GG,Кортизол
rs6812904,AA,Кортизол
rs11655764,GG,Кортизол
rs2766535,GG,Кортизол
rs3800373,AA,Кортизол
rs17024708,AA,Кортизол
rs1617406,AA,Кортизол
rs941601,CC,Кортизол
rs17070145,TT,Память
rs10884402,GG,Память
rs7078098,TT,Память
rs950809,AA,Память
rs8067235,GG,Память
rs6314,GG,Память
rs6902875,AA,Память
rs9321334,AA,Память
rs1997794,TT,Память
rs2235751,GG,Память
rs7272891,CC,Память
rs12807809,TT,Память
rs2075650,AA,Память
rs157582,CC,Память
rs425724,TT,Память
rs1493445,GG,Память
rs9528369,CC,Память
rs347702,TT,Память
rs3749622,CC,Память
rs447505,CC,Память
rs797311,AA,Память
rs1486844,AA,Память
rs347713,GG,Память
rs9528371,CC,Память
rs1386320,CC,Память
rs9528370,GG,Память
rs9539264,GG,Память
rs446427,TT,Память
rs427203,TT,Память
rs9528358,GG,Память
rs7319943,GG,Память
rs9528377,CC,Память
rs11148561,AA,Память
rs67017972,GG,Память
rs7164861,CC,Память
rs78096325,CC,Память
rs2900031,CC,Память
rs34536443,GG,Туберкулез
rs2057178,GG,Туберкулез
rs2853694,TT,Туберкулез
rs3212227,TT,Туберкулез
rs3213094,CC,Туберкулез
rs3213102,CC,Туберкулез
rs2569254,CC,Туберкулез
rs6871626,CC,Туберкулез
rs3213119,CC,Туберкулез
rs4971014,GG,Туберкулез
rs13411512,CC,Туберкулез
rs7449177,CC,Туберкулез
rs3867218,TT,Туберкулез
rs447600,TT,Туберкулез
rs181301,GG,Туберкулез
rs692544,TT,Туберкулез
rs3218255,GG,Туберкулез
rs2202157,CC,Туберкулез
rs5928363,AA,Туберкулез
rs2505675,CC,Туберкулез
rs40363,GG,Туберкулез
rs6676375,TT,Туберкулез
rs1925714,GG,Туберкулез
rs17175227,GG,Туберкулез
rs1075309,CC,Туберкулез
rs1900442,TT,Туберкулез
rs17217757,GG,Туберкулез
rs586716,AA,Туберкулез
rs12283022,AA,Туберкулез
rs1819084,CC,Туберкулез
rs6575836,AA,Туберкулез
rs451390,GG,Туберкулез
rs958617,AA,Туберкулез
rs1934954,TT,Туберкулез
rs7947821,TT,Туберкулез
rs2837857,CC,Туберкулез
rs12294076,TT,Туберкулез
rs6538140,AA,Туберкулез
rs2040410,GG,Диабет 1 типа
rs7454108,TT,Диабет 1 типа
rs6679677,CC,Диабет 1 типа
rs9272346,GG,Диабет 1 типа
rs2476601,GG,Диабет 1 типа
rs11171739,TT,Диабет 1 типа
rs17696736,AA,Диабет 1 типа
rs12708716,GG,Диабет 1 типа
rs2639703,TT,Диабет 1 типа
rs17388568,GG,Диабет 1 типа
rs2544677,CC,Диабет 1 типа
rs17166496,GG,Диабет 1 типа
rs2104286,TT,Диабет 1 типа
rs11052552,TT,Диабет 1 типа
rs2542151,TT,Диабет 1 типа
rs7574865,GG,Диабет 1 типа
rs3087243,AA,Диабет 1 типа
rs237025,GG,Диабет 1 типа
rs3772534,GG,Диабет 1 типа
rs1990760,CC,Диабет 1 типа
rs2296336,GG,Диабет 1 типа
rs1465788,CC,Диабет 1 типа
rs4900384,AA,Диабет 1 типа
rs7202877,TT,Диабет 1 типа
rs757411,TT,Диабет 1 типа
rs425105,TT,Диабет 1 типа
rs5753037,CC,Диабет 1 типа
rs10517086,GG,Диабет 1 типа
rs7804356,TT,Диабет 1 типа
rs9388489,AA,Диабет 1 типа
rs4763879,GG,Диабет 1 типа
rs2664170,AA,Диабет 1 типа
rs3129934,CC,Диабет 1 типа
rs3024505,GG,Диабет 1 типа
rs4788084,CC,Диабет 1 типа
rs3741208,GG,Диабет 1 типа
rs725613,TT,Диабет 1 типа
rs2290400,TT,Диабет 1 типа
rs3746722,AA,Диабет 1 типа
rs11594656,TT,Диабет 1 типа
rs11755527,CC,Диабет 1 типа
rs12722495,TT,Диабет 1 типа
rs1464510,CC,Диабет 1 типа
rs1738074,TT,Диабет 1 типа
rs17810546,AA,Диабет 1 типа
rs1893217,AA,Диабет 1 типа
rs2069763,CC,Диабет 1 типа
rs2292239,GG,Диабет 1 типа
rs229541,AA,Диабет 1 типа
rs2816316,AA,Диабет 1 типа
rs3184504,CC,Диабет 1 типа
rs3788013,CC,Диабет 1 типа
rs3825932,TT,Диабет 1 типа
rs41295061,CC,Диабет 1 типа
rs45450798,CC,Диабет 1 типа
rs478582,TT,Диабет 1 типа
rs6441961,TT,Диабет 1 типа
rs6822844,GG,Диабет 1 типа
rs689,AA,Диабет 1 типа
rs6897932,CC,Диабет 1 типа
rs763361,CC,Диабет 1 типа
rs917997,CC,Диабет 1 типа
rs947474,AA,Диабет 1 типа
rs9811792,TT,Диабет 1 типа
rs11571316,GG,Диабет 1 типа
rs1701704,TT,Диабет 1 типа
rs1004446,GG,Диабет 1 типа
rs7528684,GG,Диабет 1 типа
rs2069762,AA,Диабет 1 типа
rs9465871,TT,Диабет 2 типа
rs10811661,TT,Диабет 2 типа
rs12255372,GG,Диабет 2 типа
rs12970134,GG,Диабет 2 типа
rs7923837,GG,Диабет 2 типа
rs4812829,GG,Диабет 2 типа
rs10229583,GG,Диабет 2 типа
rs4402960,GG,Диабет 2 типа
rs5219,CC,Диабет 2 типа
rs13266634,CC,Диабет 2 типа
rs7903146,CC,Диабет 2 типа
rs5215,TT,Диабет 2 типа
rs7901695,TT,Диабет 2 типа
rs1801282,CC,Диабет 2 типа
rs1111875,CC,Диабет 2 типа
rs2237892,CC,Диабет 2 типа
rs9300039,CC,Диабет 2 типа
rs8050136,CC,Диабет 2 типа
rs5015480,CC,Диабет 2 типа
rs17797882,CC,Диабет 2 типа
rs2237897,CC,Диабет 2 типа
rs4506565,AA,Диабет 2 типа
rs11868035,AA,Диабет 2 типа
rs4655595,AA,Диабет 2 типа
rs4712523,AA,Диабет 2 типа
rs10946398,AA,Диабет 2 типа
rs7756992,AA,Диабет 2 типа
rs1470579,AA,Диабет 2 типа
rs3745367,GG,Диабет 2 типа
rs1423096,CC,Диабет 2 типа
rs6930576,GG,Диабет 2 типа
rs2106294,TT,Диабет 2 типа
rs3792615,TT,Диабет 2 типа
rs9472138,CC,Диабет 2 типа
rs649891,TT,Диабет 2 типа
rs391300,CC,Диабет 2 типа
rs10440833,TT,Диабет 2 типа
rs7578597,TT,Диабет 2 типа
rs6769511,TT,Диабет 2 типа
rs6712932,TT,Диабет 2 типа
rs10461617,GG,Диабет 2 типа
rs472265,AA,Диабет 2 типа
rs6426514,GG,Диабет 2 типа
rs7636,GG,Диабет 2 типа
rs7178572,GG,Диабет 2 типа
rs10965250,GG,Диабет 2 типа
rs7041847,GG,Диабет 2 типа
rs7754840,GG,Диабет 2 типа
rs9552911,GG,Диабет 2 типа
rs7961581,TT,Диабет 2 типа
rs4527850,TT,Диабет 2 типа
rs7305618,CC,Диабет 2 типа
rs16861329,CC,Диабет 2 типа
rs7403531,CC,Диабет 2 типа
rs6815464,CC,Диабет 2 типа
rs896854,CC,Диабет 2 типа
rs1387153,CC,Диабет 2 типа
rs11165354,CC,Диабет 2 типа
rs17053082,CC,Диабет 2 типа
rs11642841,CC,Диабет 2 типа
rs17584499,CC,Диабет 2 типа
rs4607103,CC,Диабет 2 типа
rs8090011,CC,Диабет 2 типа
rs7560163,CC,Диабет 2 типа
rs4457053,AA,Диабет 2 типа
rs791595,GG,Диабет 2 типа
rs17036101,GG,Диабет 2 типа
rs4760790,GG,Диабет 2 типа
rs7172432,AA,Диабет 2 типа
rs515071,GG,Диабет 2 типа
rs3802177,GG,Диабет 2 типа
rs3923113,AA,Диабет 2 типа
rs11708067,AA,Диабет 2 типа
rs1861612,AA,Диабет 2 типа
rs2383208,AA,Диабет 2 типа
rs11634397,AA,Диабет 2 типа
rs10906115,AA,Диабет 2 типа
rs7630877,GG,Диабет 2 типа
rs8042680,AA,Диабет 2 типа
rs231362,AA,Диабет 2 типа
rs163184,TT,Диабет 2 типа
rs864745,TT,Диабет 2 типа
rs4430796,AA,Диабет 2 типа
rs243021,GG,Диабет 2 типа
rs10814916,AA,Диабет 2 типа
rs7578326,AA,Диабет 2 типа
rs2283228,AA,Диабет 2 типа
rs2028299,AA,Диабет 2 типа
rs9470794,TT,Диабет 2 типа
rs10886471,CC,Диабет 2 типа
rs972283,AA,Диабет 2 типа
rs849134,AA,Диабет 2 типа
rs1531343,GG,Диабет 2 типа
rs7593730,TT,Диабет 2 типа
rs831571,CC,Диабет 2 типа
rs3786897,AA,Диабет 2 типа
rs1048886,AA,Диабет 2 типа
rs642858,GG,Диабет 2 типа
rs6718526,CC,Диабет 2 типа
rs358806,CC,Диабет 2 типа
rs7659604,CC,Диабет 2 типа
rs9326506,AA,Диабет 2 типа
rs12304921,AA,Диабет 2 типа
rs1495377,CC,Диабет 2 типа
rs2930291,AA,Диабет 2 типа
rs2903265,GG,Диабет 2 типа
rs2236513,AA,Диабет 2 типа
rs6502618,AA,Диабет 2 типа
rs1889018,GG,Диабет 2 типа
rs2297508,CC,Диабет 2 типа
rs2289116,GG,Диабет 2 типа
rs741301,TT,Диабет 2 типа
rs997509,CC,Диабет 2 типа
rs2295490,AA,Диабет 2 типа
rs7018475,TT,Диабет 2 типа
rs9939609,TT,Диабет 2 типа
rs1799999,CC,Диабет 2 типа
rs1801278,CC,Инсулин
rs10830963,CC,Инсулин
rs1044498,AA,Инсулин
rs1799999,CC,Инсулин
rs1169288,AA,Инсулин
rs13266634,CC,Инсулин
rs780094,CC,Инсулин
rs2295490,AA,Инсулин
rs1887922,TT,Инсулин
rs7754840,GG,Инсулин
rs689,AA,Инсулин
rs1111875,CC,Инсулин
rs4607103,CC,Инсулин
rs7903146,CC,Инсулин
rs12255372,GG,Инсулин
rs1801282,CC,Инсулин
rs2229765,GG,Инсулин
rs7202877,TT,Инсулин
rs6220,AA,Инсулин
rs7255710,GG,Инсулин
rs7254921,CC,Инсулин
rs2059807,GG,Инсулин
rs891088,AA,Инсулин
rs7254487,AA,Инсулин
rs17619048,TT,Инсулин
rs10744901,TT,Инсулин
rs487894,TT,Инсулин
rs1517204,TT,Инсулин
rs7342408,TT,Инсулин
rs1400589,TT,Инсулин
rs484659,GG,Инсулин
rs4492895,AA,Инсулин
rs1004361,GG,Инсулин
rs7964607,GG,Инсулин
rs7976621,GG,Инсулин
rs7977174,TT,Инсулин
rs816200,TT,Инсулин
rs1501635,TT,Инсулин
rs10431397,CC,Инсулин
rs4304868,CC,Инсулин
rs634264,GG,Инсулин
rs12425296,AA,Инсулин
rs10774926,AA,Инсулин
rs30360,TT,Инсулин
rs4698790,GG,Инсулин
rs9787485,CC,Инсулин
rs16891077,GG,Инсулин
rs1048661,GG,Глаукома
rs28936694,CC,Глаукома
rs16958445,GG,Глаукома
rs893818,GG,Глаукома
rs2165241,CC,Глаукома
rs10483727,TT,Глаукома
rs7865618,GG,Глаукома
rs17373884,CC,Глаукома
rs4297993,CC,Глаукома
rs150936840,CC,Глаукома
rs113695387,AA,Глаукома
rs284489,AA,Глаукома
rs162562,TT,Глаукома
rs72549382,CC,Глаукома
rs10916,AA,Глаукома
rs235913,GG,Глаукома
rs604864,CC,Глаукома
rs8014087,TT,Глаукома
rs2028377,CC,Глаукома
rs862037,GG,Глаукома
rs17784350,AA,Глаукома
rs11101190,AA,Глаукома
rs2244380,TT,Глаукома
rs10796028,TT,Глаукома
rs7961361,GG,Глаукома
rs17512962,GG,Глаукома
rs1440101,GG,Глаукома
rs4886776,GG,Глаукома
rs735860,CC,Глаукома
rs2304721,CC,Глаукома
rs3825942,GG,Глаукома
rs8041685,GG,Глаукома
rs4656461,AA,Глаукома
rs893817,AA,Глаукома
rs3213787,AA,Глаукома
rs4977756,AA,Глаукома
rs523096,AA,Глаукома
rs7095146,CC,Глаукома
rs2157719,TT,Глаукома
rs12940030,TT,Глаукома
rs7830,GG,Глаукома
rs59072263,GG,Глаукома
rs2070744,CC,Глаукома
rs1056836,GG,Глаукома
rs3132306,TT,Глаукома
rs7555523,CC,Глаукома
rs1536482,GG,Глаукома
rs7037117,AA,Глаукома
rs4293393,GG,Почечная недостаточность
rs41273726,TT,Почечная недостаточность
rs2467853,GG,Почечная недостаточность
rs12917707,GG,Почечная недостаточность
rs17319721,GG,Почечная недостаточность
rs3814995,CC,Почечная недостаточность
rs56071124,TT,Почечная недостаточность
rs10948668,TT,Почечная недостаточность
rs1321517,CC,Почечная недостаточность
rs2182505,CC,Почечная недостаточность
rs113633432,AA,Почечная недостаточность
rs9296668,AA,Почечная недостаточность
rs2973049,CC,Почечная недостаточность
rs114812377,CC,Почечная недостаточность
rs2216711,AA,Почечная недостаточность
rs11084831,GG,Почечная недостаточность
rs28939695,CC,Почечная недостаточность
rs10409299,AA,Почечная недостаточность
rs4927186,GG,Почечная недостаточность
rs12472051,AA,Почечная недостаточность
rs73017308,TT,Почечная недостаточность
rs36025606,CC,Почечная недостаточность
rs11961816,AA,Почечная недостаточность
rs4977388,GG,Почечная недостаточность
rs141052170,GG,Почечная недостаточность
rs73206603,GG,Почечная недостаточность
rs10404821,CC,Почечная недостаточность
rs12647735,CC,Почечная недостаточность
rs6997279,GG,Почечная недостаточность
rs117897666,CC,Почечная недостаточность
rs76262407,AA,Почечная недостаточность
rs61277444,AA,Почечная недостаточность
rs7562121,GG,Почечная недостаточность
rs6027504,TT,Почечная недостаточность
rs1989248,GG,Почечная недостаточность
rs72809865,CC,Почечная недостаточность
rs4151657,TT,Варикоз
rs3025058,CC,Варикоз
rs11121615,CC,Варикоз
rs1799750,CC,Варикоз
rs13155212,TT,Варикоз
rs7704267,CC,Варикоз
rs2911463,AA,Варикоз
rs2861819,CC,Варикоз
rs28558138,GG,Варикоз
rs8053350,GG,Варикоз
rs3101725,TT,Варикоз
rs11135046,GG,Варикоз
rs7773004,AA,Варикоз
rs12625547,TT,Варикоз
rs236597,CC,Варикоз
rs7614922,TT,Варикоз
rs73107980,CC,Варикоз
rs7469817,GG,Варикоз
rs2241173,AA,Варикоз
rs816943,AA,Варикоз
rs1061539,TT,Варикоз
rs1549063,AA,Варикоз
rs16828263,TT,Варикоз
rs9719461,CC,Варикоз
rs2263321,GG,Варикоз
rs247749,TT,Варикоз
rs75522736,AA,Варикоз
rs553399706,GG,Варикоз
rs62512472,GG,Варикоз
rs584768,GG,Варикоз
rs2089657,CC,Варикоз
rs12594708,CC,Варикоз
rs186005582,CC,Варикоз
rs192647746,AA,Варикоз
rs7856039,TT,Варикоз
rs9880192,GG,Варикоз
rs236530,CC,Варикоз
rs2836405,AA,Варикоз
rs1805087,AA,Варикоз
rs8099917,TT,Гепатит
rs11697186,AA,Гепатит
rs9277535,AA,Гепатит
rs12980275,GG,Гепатит
rs7756516,TT,Гепатит
rs9276370,TT,Гепатит
rs1127354,CC,Гепатит
rs3077,AA,Гепатит
rs7453920,GG,Гепатит
rs738409,CC,Гепатит
rs7270101,AA,Гепатит
rs8103142,TT,Гепатит
rs2856718,CC,Гепатит
rs11725957,GG,Гепатит
rs2254135,TT,Гепатит
rs17067123,CC,Гепатит
rs12979860,CC,Гепатит
rs10789491,GG,Гепатит
rs16864968,AA,Гепатит
rs9366816,TT,Гепатит
rs1946518,GG,Гепатит
rs8105790,TT,Гепатит
rs187238,CC,Гепатит
rs7224000,AA,Гепатит
rs17234657,TT,Болезнь Крона
rs1004819,GG,Болезнь Крона
rs11209026,AA,Болезнь Крона
rs10758669,AA,Болезнь Крона
rs2066845,GG,Болезнь Крона
rs2066847,GG,Болезнь Крона
rs4958847,GG,Болезнь Крона
rs2542151,TT,Болезнь Крона
rs13361189,TT,Болезнь Крона
rs10181042,CC,Болезнь Крона
rs16967103,TT,Болезнь Крона
rs4409764,GG,Болезнь Крона
rs12521868,GG,Болезнь Крона
rs17309827,TT,Болезнь Крона
rs2284553,GG,Болезнь Крона
rs10486483,GG,Болезнь Крона
rs181359,GG,Болезнь Крона
rs2188962,CC,Болезнь Крона
rs7517810,CC,Болезнь Крона
rs6545946,CC,Болезнь Крона
rs2301436,CC,Болезнь Крона
rs2274910,CC,Болезнь Крона
rs3091338,CC,Болезнь Крона
rs713875,CC,Болезнь Крона
rs5743289,CC,Болезнь Крона
rs2413583,CC,Болезнь Крона
rs10210302,CC,Болезнь Крона
rs11574514,CC,Болезнь Крона
rs1819658,CC,Болезнь Крона
rs17221417,CC,Болезнь Крона
rs415890,GG,Болезнь Крона
rs9348876,CC,Болезнь Крона
rs10761659,AA,Болезнь Крона
rs13073817,GG,Болезнь Крона
rs9286879,AA,Болезнь Крона
rs2902440,GG,Болезнь Крона
rs744166,AA,Болезнь Крона
rs1373692,AA,Болезнь Крона
rs7554511,CC,Болезнь Крона
rs9469220,AA,Болезнь Крона
rs762421,AA,Болезнь Крона
rs13428812,AA,Болезнь Крона
rs7714584,AA,Болезнь Крона
rs1456896,TT,Болезнь Крона
rs6856616,TT,Болезнь Крона
rs9988642,TT,Болезнь Крона
rs751728,CC,Болезнь Крона
rs12677663,TT,Болезнь Крона
rs11229030,TT,Болезнь Крона
rs10801047,TT,Болезнь Крона
rs4613763,TT,Болезнь Крона
rs11465804,TT,Болезнь Крона
rs736289,TT,Болезнь Крона
rs7765379,TT,Болезнь Крона
rs17582416,TT,Болезнь Крона
rs3897478,TT,Болезнь Крона
rs7517847,TT,Болезнь Крона
rs1343151,GG,Болезнь Крона
rs3197999,GG,Болезнь Крона
rs7746082,GG,Болезнь Крона
rs6738825,GG,Болезнь Крона
rs9491697,AA,Болезнь Крона
rs504963,GG,Болезнь Крона
rs1551398,GG,Болезнь Крона
rs3091316,GG,Болезнь Крона
rs281379,GG,Болезнь Крона
rs76418789,GG,Болезнь Крона
rs9858542,GG,Болезнь Крона
rs4871611,GG,Болезнь Крона
rs2872507,GG,Болезнь Крона
rs12994997,GG,Болезнь Крона
rs6837335,GG,Болезнь Крона
rs11564258,GG,Болезнь Крона
rs13003464,AA,Болезнь Крона
rs13126505,GG,Болезнь Крона
rs3792109,GG,Болезнь Крона
rs4263839,GG,Болезнь Крона
rs3024505,GG,Болезнь Крона
rs1728918,GG,Болезнь Крона
rs17293632,CC,Болезнь Крона
rs11190140,CC,Болезнь Крона
rs6651252,TT,Болезнь Крона
rs9292777,CC,Болезнь Крона
rs7423615,CC,Болезнь Крона
rs2549794,TT,Болезнь Крона
rs6478106,CC,Болезнь Крона
rs2797685,CC,Болезнь Крона
rs11742570,TT,Болезнь Крона
rs11584383,TT,Болезнь Крона
rs12035082,CC,Болезнь Крона
rs102275,CC,Болезнь Крона
rs11195128,CC,Болезнь Крона
rs9267911,TT,Болезнь Крона
rs2836754,TT,Болезнь Крона
rs10889677,CC,Болезнь Крона
rs359457,CC,Болезнь Крона
rs9258260,CC,Болезнь Крона
rs151181,TT,Болезнь Крона
rs7927997,CC,Болезнь Крона
rs8005161,CC,Болезнь Крона
rs3094188,AA,Болезнь Крона
rs1000113,CC,Болезнь Крона
rs11805303,CC,Болезнь Крона
rs10495903,CC,Болезнь Крона
rs4077515,CC,Болезнь Крона
rs11209002,CC,Болезнь Крона
rs7927894,CC,Болезнь Крона
rs3810936,CC,Болезнь Крона
rs212388,CC,Болезнь Крона
rs12663356,TT,Болезнь Крона
rs10883365,AA,Болезнь Крона
rs4902642,GG,Болезнь Крона
rs6556412,GG,Болезнь Крона
rs740495,AA,Болезнь Крона
rs7076156,GG,Болезнь Крона
rs1869839,AA,Болезнь Крона
rs4809330,GG,Болезнь Крона
rs2058660,AA,Болезнь Крона
rs1847472,CC,Болезнь Крона
rs1250550,CC,Болезнь Крона
rs11167764,CC,Болезнь Крона
rs12720356,AA,Болезнь Крона
rs10045431,CC,Болезнь Крона
rs9891119,AA,Болезнь Крона
rs3764147,AA,Болезнь Крона
rs2241880,AA,Болезнь Крона
rs12242110,AA,Болезнь Крона
rs2838519,AA,Болезнь Крона
rs2076756,AA,Болезнь Крона
rs1893217,AA,Болезнь Крона
rs3828309,AA,Болезнь Крона
rs11747270,AA,Болезнь Крона
rs10734105,AA,Болезнь Крона
rs11465802,AA,Болезнь Крона
rs7329174,AA,Болезнь Крона
rs2945412,AA,Болезнь Крона
rs2201841,AA,Болезнь Крона
rs3091315,AA,Болезнь Крона
rs6568421,AA,Болезнь Крона
rs7702331,AA,Болезнь Крона
rs17695092,GG,Болезнь Крона
rs1736135,TT,Болезнь Крона
rs6908425,CC,Болезнь Крона
rs10995271,GG,Болезнь Крона
rs11175593,CC,Болезнь Крона
rs1487630,CC,Болезнь Крона
rs2024092,GG,Болезнь Крона
rs1736020,CC,Болезнь Крона
rs7705924,AA,Болезнь Крона
rs1998598,AA,Болезнь Крона
rs1456893,AA,Болезнь Крона
rs2066844,CC,Болезнь Крона
rs272869,GG,Болезнь Крона
rs2111234,AA,Болезнь Крона
rs10512734,AA,Болезнь Крона
rs10883371,AA,Болезнь Крона
rs8057341,GG,Болезнь Крона
rs2066842,CC,Болезнь Крона
rs11647841,GG,Болезнь Крона
rs1398024,GG,Болезнь Крона
rs274551,CC,Болезнь Крона
rs6596075,GG,Болезнь Крона
rs7753394,TT,Болезнь Крона
rs224136,CC,Болезнь Крона
rs1736148,TT,Болезнь Крона
rs11362,CC,Болезнь Крона
rs1793004,GG,Болезнь Крона
rs1992660,CC,Болезнь Крона
rs1992662,AA,Болезнь Крона
rs1128535,CC,Болезнь Крона
rs12567232,GG,Болезнь Крона
rs6669582,AA,Болезнь Крона
rs11894081,TT,Болезнь Крона
rs10789230,GG,Болезнь Крона
rs11209003,GG,Болезнь Крона
rs5743272,AA,Болезнь Крона
rs419291,CC,Болезнь Крона
rs111033565,GG,Панкреатит
rs17107315,TT,Панкреатит
rs111033566,AA,Панкреатит
rs193922659,GG,Панкреатит
rs12688220,CC,Панкреатит
rs11319,GG,Панкреатит
rs4705202,GG,Панкреатит
rs11548596,GG,Панкреатит
rs928302,CC,Панкреатит
rs5751901,TT,Панкреатит
rs10273639,TT,Панкреатит
rs5751902,CC,Панкреатит
rs121909293,CC,Панкреатит
rs213950,GG,Панкреатит
rs225320,GG,Панкреатит
rs10436957,GG,Панкреатит
rs121909294,GG,Панкреатит
rs144422014,AA,Панкреатит
rs5361,TT,Тромбоз
rs1799963,GG,Тромбоз
rs6025,CC,Тромбоз
rs268,AA,Тромбоз
rs2066865,GG,Тромбоз
rs2289252,CC,Тромбоз
rs1613662,AA,Тромбоз
rs2227589,CC,Тромбоз
rs1800595,TT,Тромбоз
rs6048,GG,Тромбоз
rs2036914,CC,Тромбоз
rs13146272,AA,Тромбоз
rs12343867,TT,Тромбоз
rs4524,TT,Тромбоз
rs670659,CC,Тромбоз
rs3756008,AA,Тромбоз
rs710446,TT,Тромбоз
rs201381904,CC,Тромбоз
rs657152,CC,Тромбоз
rs2288904,AA,Тромбоз
rs138925964,CC,Тромбоз
rs137852283,GG,Тромбоз
rs7080536,GG,Тромбоз
rs6427196,CC,Тромбоз
rs6046,GG,Тромбоз
rs4851770,TT,Тромбоз
rs2842700,CC,Тромбоз
rs1867312,AA,Тромбоз
rs7585314,CC,Тромбоз
rs13084580,CC,Тромбоз
rs6795524,AA,Тромбоз
rs2066864,GG,Тромбоз
rs4253417,TT,Тромбоз
rs4253421,GG,Тромбоз
rs4869589,GG,Тромбоз
rs16867574,TT,Тромбоз
rs2074492,CC,Тромбоз
rs9373523,GG,Тромбоз
rs7739314,AA,Тромбоз
rs10087301,GG,Тромбоз
rs4734879,GG,Тромбоз
rs4541868,CC,Тромбоз
rs8176749,CC,Тромбоз
rs687289,GG,Тромбоз
rs2519093,CC,Тромбоз
rs579459,TT,Тромбоз
rs10886430,AA,Тромбоз
rs3136516,AA,Тромбоз
rs191945075,GG,Тромбоз
rs174536,CC,Тромбоз
rs216311,CC,Тромбоз
rs1558519,AA,Тромбоз
rs216296,AA,Тромбоз
rs2851436,TT,Тромбоз
rs12824685,TT,Тромбоз
rs3211752,AA,Тромбоз
rs57328376,AA,Тромбоз
rs12445050,CC,Тромбоз
rs1048483,CC,Тромбоз
rs4548995,CC,Тромбоз
rs1671135,CC,Тромбоз
rs1654425,TT,Тромбоз
rs6083037,TT,Тромбоз
rs6088735,CC,Тромбоз
rs867186,AA,Тромбоз
rs10747514,GG,Тромбоз
rs9607928,CC,Тромбоз
rs3002417,CC,Тромбоз
rs7051718,CC,Тромбоз
rs143478537,CC,Тромбоз
rs6277,GG,Шизофрения
rs1006737,GG,Шизофрения
rs6675281,CC,Шизофрения
rs6603272,TT,Шизофрения
rs2910032,TT,Шизофрения
rs11995572,GG,Шизофрения
rs833497,TT,Шизофрения
rs4687552,CC,Шизофрения
rs2949006,GG,Шизофрения
rs947267,TT,Шизофрения
rs1538774,CC,Шизофрения
rs6878284,TT,Шизофрения
rs2373000,CC,Шизофрения
rs6461049,CC,Шизофрения
rs4801131,CC,Шизофрения
rs4950928,CC,Шизофрения
rs4129585,CC,Шизофрения
rs11225703,CC,Шизофрения
rs778371,AA,Шизофрения
rs7085104,GG,Шизофрения
rs3738401,GG,Шизофрения
rs171748,GG,Шизофрения
rs165599,AA,Шизофрения
rs7940866,AA,Шизофрения
rs12991836,AA,Шизофрения
rs4938445,GG,Шизофрения
rs9268895,AA,Шизофрения
rs855050,GG,Шизофрения
rs6932590,CC,Шизофрения
rs13194053,CC,Шизофрения
rs9272219,TT,Шизофрения
rs302719,TT,Шизофрения
rs16897515,AA,Шизофрения
rs10275045,CC,Шизофрения
rs1783925,AA,Шизофрения
rs36563,GG,Шизофрения
rs1411771,CC,Шизофрения
rs2812385,TT,Шизофрения
rs6541290,CC,Шизофрения
rs3738402,CC,Шизофрения
rs16854957,CC,Шизофрения
rs821722,AA,Шизофрения
rs2793093,GG,Шизофрения
rs9431714,GG,Шизофрения
rs2356606,AA,Шизофрения
rs967244,AA,Шизофрения
rs1073179,AA,Шизофрения
rs9663054,AA,Шизофрения
rs1417866,AA,Шизофрения
rs7221595,TT,Шизофрения
rs114002140,GG,Шизофрения
rs1198588,AA,Шизофрения
rs10789369,GG,Шизофрения
rs17504622,CC,Шизофрения
rs14403,TT,Шизофрения
rs11532322,GG,Шизофрения
rs10790212,CC,Шизофрения
rs175174,AA,Шизофрения
rs1800532,GG,Шизофрения
rs310762,TT,Шизофрения
rs795009,TT,Шизофрения
rs751229,AA,Шизофрения
rs497768,GG,Шизофрения
rs839523,CC,Шизофрения
rs707284,TT,Шизофрения
rs27388,GG,Шизофрения
rs2270641,TT,Шизофрения
rs17101921,GG,Шизофрения
rs2024513,GG,Шизофрения
rs2159100,CC,Шизофрения
rs4129148,GG,Шизофрения
rs28694718,CC,Шизофрения
rs6422441,TT,Шизофрения
rs17883192,GG,Шизофрения
rs1801028,GG,Шизофрения
rs2848745,GG,Шизофрения
rs17651507,AA,Шизофрения
rs2499846,GG,Шизофрения
rs4958803,CC,Шизофрения
rs2053149,TT,Шизофрения
rs7582658,AA,Шизофрения
rs2119783,TT,Шизофрения
rs3131296,AA,Шизофрения
rs2312147,TT,Шизофрения
rs9960767,AA,Шизофрения
rs1502844,TT,Шизофрения
rs1572299,GG,Шизофрения
rs17512836,TT,Шизофрения
rs10503253,CC,Шизофрения
rs7004633,GG,Шизофрения
rs11191580,CC,Шизофрения
rs12966547,AA,Шизофрения
rs1625579,CC,Шизофрения
rs17662626,GG,Шизофрения
rs2905424,CC,Шизофрения
rs2437896,CC,Шизофрения
rs1858830,GG,Аутизм
rs7794745,AA,Аутизм
rs4307059,CC,Аутизм
rs2710102,AA,Аутизм
rs10513025,TT,Аутизм
rs1804197,CC,Аутизм
rs4532,TT,Аутизм
rs914232,TT,Аутизм
rs3751582,TT,Аутизм
rs53576,GG,Аутизм
rs2254298,GG,Аутизм
rs2268491,CC,Аутизм
rs1487278,TT,Аутизм
rs3746544,GG,Аутизм
rs686,AA,Аутизм
rs265981,GG,Аутизм
rs6766410,CC,Аутизм
rs2217262,AA,Аутизм
rs1143674,GG,Аутизм
rs2745557,GG,Аутизм
rs6807362,CC,Аутизм
rs373126732,AA,Аутизм
rs184718561,CC,Аутизм
rs757972971,GG,Аутизм
rs2056202,TT,Аутизм
rs25531,TT,Аутизм
rs171748,GG,Аутизм
rs11191580,CC,Аутизм
rs211037,CC,Аутизм
rs28914829,GG,Аутизм
rs6314,GG,Аутизм
rs6313,GG,Аутизм
rs1042714,CC,Аутизм
rs1079597,CC,Аутизм
rs167771,AA,Аутизм
rs3746544,GG,СДВГ
rs27072,CC,СДВГ
rs1800544,TT,СДВГ
rs6296,CC,СДВГ
rs6265,CC,СДВГ
rs1843809,TT,СДВГ
rs1412005,GG,СДВГ
rs11074889,GG,СДВГ
rs3785143,CC,СДВГ
rs4747989,CC,СДВГ
rs7224199,TT,СДВГ
rs28914829,GG,СДВГ
rs11657536,GG,СДВГ
rs140700,CC,СДВГ
rs2066713,GG,СДВГ
rs2020933,AA,СДВГ
rs752306,CC,СДВГ
rs7722425,CC,СДВГ
rs11903187,GG,СДВГ
rs1515641,GG,СДВГ
rs4810796,GG,СДВГ
rs10463832,CC,СДВГ
rs12613775,CC,СДВГ
rs12513840,GG,СДВГ
rs910191,GG,СДВГ
rs9512900,TT,СДВГ
rs10229603,TT,СДВГ
rs789560,TT,СДВГ
rs6733379,TT,СДВГ
rs2764980,GG,СДВГ
rs4533251,GG,СДВГ
rs1521882,GG,СДВГ
rs10492664,TT,СДВГ
rs7236632,GG,СДВГ
rs460000,GG,СДВГ
rs6347,TT,СДВГ
rs2617605,TT,СДВГ
rs28363168,CC,СДВГ
rs6869645,CC,СДВГ
rs2042449,GG,СДВГ
rs11568817,AA,СДВГ
rs130060,AA,СДВГ
rs363043,CC,СДВГ
rs363050,GG,СДВГ
rs363039,GG,СДВГ
rs363020,AA,СДВГ
rs6314,GG,СДВГ
rs1611115,CC,СДВГ
rs6332,GG,СДВГ
rs1801260,AA,СДВГ
rs1125394,TT,СДВГ
rs4436578,TT,СДВГ
rs1799978,TT,СДВГ
rs4460839,TT,СДВГ
rs4648317,GG,СДВГ
rs6277,GG,СДВГ
rs12363125,CC,СДВГ
rs2440390,CC,СДВГ
rs11214606,CC,СДВГ
rs1079597,CC,СДВГ
rs2283265,CC,СДВГ
rs1800499,CC,СДВГ
rs2734833,GG,СДВГ
rs2734838,AA,СДВГ
rs1076563,AA,СДВГ
rs12364283,AA,СДВГ
rs5569,GG,СДВГ
rs1108580,AA,СДВГ
rs6565113,GG,СДВГ
rs552655,TT,СДВГ
rs550818,AA,СДВГ
rs998424,GG,СДВГ
rs11564750,GG,СДВГ
rs2652511,AA,СДВГ
rs1051312,TT,СДВГ
rs362987,AA,СДВГ
rs5848,CC,Деменция
rs8070723,AA,Деменция
rs9268856,CC,Деменция
rs17125944,TT,Деменция
rs1476679,TT,Деменция
rs10498633,GG,Деменция
rs10792832,GG,Деменция
rs9969729,GG,Деменция
rs9331896,CC,Деменция
rs35349669,CC,Деменция
rs3865444,CC,Деменция
rs6733839,CC,Деменция
rs4676049,CC,Деменция
rs6859,AA,Деменция
rs190982,GG,Деменция
rs4937314,AA,Деменция
rs6656401,GG,Деменция
rs983392,AA,Деменция
rs11983798,GG,Деменция
rs6468852,AA,Деменция
rs744373,AA,Деменция
rs2075650,AA,Деменция
rs9271192,AA,Деменция
rs10948363,AA,Деменция
rs12947764,TT,Деменция
rs242557,GG,Деменция
rs3785885,GG,Деменция
rs4647698,CC,Деменция
rs1799724,CC,Деменция
rs190788828,AA,Деменция
rs115550680,AA,Деменция
rs25532,AA,ОКР
rs16965628,GG,ОКР
rs1176713,AA,ОКР
rs3780412,TT,ОКР
rs2228622,GG,ОКР
rs890,TT,ОКР
rs301443,GG,ОКР
rs25531,TT,ОКР
rs1805476,GG,ОКР
rs3780413,GG,ОКР
rs4565946,CC,ОКР
rs6265,CC,ОКР
rs7997012,AA,ОКР
rs3737193,AA,ОКР
rs1232487,CC,ОКР
rs3177118,GG,ОКР
rs116567227,GG,ОКР
rs1805088,CC,ОКР
rs10835210,CC,ОКР
rs9652236,GG,ОКР
rs10974587,TT,ОКР
rs10974584,TT,ОКР
rs3776512,GG,ОКР
rs460000,GG,ОКР
rs3780415,TT,ОКР
rs27072,CC,ОКР
rs7022772,CC,ОКР
rs28363168,CC,ОКР
rs7848533,CC,ОКР
rs3087879,GG,ОКР
rs2617605,TT,ОКР
rs16921385,AA,ОКР
rs10879346,CC,ОКР
rs4460839,TT,ОКР
rs301430,TT,ОКР
rs7298664,TT,ОКР
rs1125394,TT,ОКР
rs737866,TT,ОКР
rs1843809,TT,ОКР
rs1799913,GG,ОКР
rs61888800,GG,ОКР
rs7224199,TT,ОКР
rs5993883,TT,ОКР
rs9325202,GG,ОКР
rs6277,GG,ОКР
rs35815285,GG,ОКР
rs4648317,GG,ОКР
rs769224,GG,ОКР
rs2039290,GG,ОКР
rs6313,GG,ОКР
rs6314,GG,ОКР
rs1081003,GG,ОКР
rs6305,GG,ОКР
rs56232120,GG,ОКР
rs28914829,GG,ОКР
rs3773678,GG,ОКР
rs4764011,GG,ОКР
rs9316232,GG,ОКР
rs4680,GG,ОКР
rs6267,GG,ОКР
rs1928040,GG,ОКР
rs12579598,GG,ОКР
rs11657536,GG,ОКР
rs2160734,CC,ОКР
rs10814991,CC,ОКР
rs9567737,CC,ОКР
rs2268102,CC,ОКР
rs7124442,TT,ОКР
rs6296,CC,ОКР
rs2283265,CC,ОКР
rs4742007,CC,ОКР
rs9332377,CC,ОКР
rs165631,CC,ОКР
rs10748189,CC,ОКР
rs9332316,CC,ОКР
rs17834128,CC,ОКР
rs1062613,CC,ОКР
rs11214606,CC,ОКР
rs1806202,CC,ОКР
rs2300252,CC,ОКР
rs17110563,CC,ОКР
rs6311,CC,ОКР
rs140700,CC,ОКР
rs10499905,CC,ОКР
rs28371725,CC,ОКР
rs10232398,AA,ОКР
rs12583882,AA,ОКР
rs676643,GG,ОКР
rs220597,GG,ОКР
rs1805502,AA,ОКР
rs1568214,GG,ОКР
rs849876,AA,ОКР
rs2734838,AA,ОКР
rs2066713,GG,ОКР
rs1019385,CC,ОКР
rs211107,CC,ОКР
rs737865,AA,ОКР
rs7297761,AA,ОКР
rs167771,AA,ОКР
rs3742278,AA,ОКР
rs2150195,GG,ОКР
rs9824856,AA,ОКР
rs297941,GG,ОКР
rs1057519438,CC,ОКР
rs9499708,TT,ОКР
rs4570625,GG,ОКР
rs4675690,CC,Суицид
rs300774,CC,Суицид
rs7296262,CC,Суицид
rs320461,CC,Суицид
rs358592,TT,Суицид
rs2419374,CC,Суицид
rs2462021,TT,Суицид
rs2610025,GG,Суицид
rs3019286,GG,Суицид
rs3781878,GG,Суицид
rs4308128,AA,Суицид
rs4732812,CC,Суицид
rs4918918,CC,Суицид
rs6055685,GG,Суицид
rs6480463,TT,Суицид
rs7011192,GG,Суицид
rs7079041,GG,Суицид
rs7244261,CC,Суицид
rs7569963,AA,Суицид
rs10437629,AA,Суицид
rs10448044,TT,Суицид
rs10748045,AA,Суицид
rs10854398,TT,Суицид
rs11143230,AA,Суицид
rs11852984,AA,Суицид
rs12373805,GG,Суицид
rs13358904,AA,Суицид
rs17387100,AA,Суицид
rs671,GG,Алкоголизм
rs2232165,GG,Алкоголизм
rs1614972,TT,Алкоголизм
rs17033,TT,Алкоголизм
rs3762894,TT,Алкоголизм
rs2238151,CC,Алкоголизм
rs1159918,AA,Алкоголизм
rs1042026,TT,Алкоголизм
rs2075633,TT,Алкоголизм
rs1353899,TT,Алкоголизм
rs2827312,TT,Алкоголизм
rs4770403,GG,Алкоголизм
rs728115,GG,Алкоголизм
rs9556711,AA,Алкоголизм
rs36563,GG,Алкоголизм
rs8062326,GG,Алкоголизм
rs4478858,TT,Алкоголизм
rs11933661,TT,Алкоголизм
rs933769,CC,Алкоголизм
rs10253361,TT,Алкоголизм
rs16985179,CC,Алкоголизм
rs10893366,CC,Алкоголизм
rs1793257,CC,Алкоголизм
rs1789891,CC,Алкоголизм
rs768048,TT,Алкоголизм
rs2826659,CC,Алкоголизм
rs3131513,AA,Алкоголизм
rs7590720,AA,Алкоголизм
rs2548145,AA,Алкоголизм
rs2810114,AA,Алкоголизм
rs6701037,AA,Алкоголизм
rs7144649,AA,Алкоголизм
rs750338,AA,Алкоголизм
rs4293630,GG,Алкоголизм
rs237238,GG,Алкоголизм
rs27072,CC,Алкоголизм
rs2948694,AA,Алкоголизм
rs1799971,AA,Алкоголизм
rs968529,CC,Алкоголизм
rs2066701,GG,Алкоголизм
rs324650,TT,Алкоголизм
rs2061174,AA,Алкоголизм
rs1824024,AA,Алкоголизм
rs27048,TT,Алкоголизм
rs13273672,TT,Алкоголизм
rs11640875,AA,Алкоголизм
rs1229976,TT,Алкоголизм
rs1344694,GG,Алкоголизм
rs279858,TT,Алкоголизм
rs16969968,GG,Табак
rs1051730,GG,Табак
rs3003609,CC,Табак
rs9217,TT,Табак
rs12910984,GG,Табак
rs12914385,CC,Табак
rs1317286,AA,Табак
rs3743073,TT,Табак
rs3743074,AA,Табак
rs3743075,CC,Табак
rs3743076,TT,Табак
rs3743077,CC,Табак
rs3743078,CC,Табак
rs4887067,GG,Табак
rs6495308,TT,Табак
rs6495309,CC,Табак
rs660652,GG,Табак
rs8023462,TT,Табак
rs8040868,TT,Табак
rs8042374,AA,Табак
rs8192482,CC,Табак
rs938682,GG,Табак
rs737865,AA,Табак
rs279858,TT,Табак
rs11200638,GG,Табак
rs1800497,GG,Табак
rs1049331,CC,Табак
rs2672598,TT,Табак
rs1938901,GG,Табак
rs996999,CC,Табак
rs2229940,GG,Табак
rs1044396,AA,Табак
rs1044394,AA,Табак
rs1044397,CC,Табак
rs121909580,GG,Табак
rs121912243,GG,Табак
rs2236196,GG,Табак
rs2273502,CC,Табак
rs2273504,GG,Табак
rs2273505,CC,Табак
rs3787137,GG,Табак
rs4522666,GG,Табак
rs755204,GG,Табак
rs684513,CC,Табак
rs588765,CC,Табак
rs13277254,AA,Табак
rs2072660,TT,Табак
rs4953,GG,Табак
rs2036527,GG,Табак
rs680244,CC,Табак
rs4952,CC,Табак
rs17487223,CC,Табак
rs11637635,GG,Табак
rs12898919,GG,Табак
rs17408276,TT,Табак
rs17486278,AA,Табак
rs3829787,CC,Табак
rs495956,TT,Табак
rs503464,TT,Табак
rs555018,AA,Табак
rs55781567,CC,Табак
rs55853698,TT,Табак
rs569207,CC,Табак
rs601079,TT,Табак
rs6495306,AA,Табак
rs667282,TT,Табак
rs951266,GG,Табак
rs8034191,TT,Табак
rs1799971,AA,Наркотики
rs5326,CC,Наркотики
rs1799913,GG,Наркотики
rs3778151,CC,Наркотики
rs2236857,TT,Наркотики
rs694066,GG,Наркотики
rs1534891,CC,Наркотики
rs1022563,CC,Наркотики
rs1800497,GG,Наркотики
rs510769,CC,Наркотики
rs6473797,TT,Наркотики
rs2236861,GG,Наркотики
rs3766951,TT,Наркотики
rs3758987,TT,Наркотики
rs737866,TT,Наркотики
rs6882300,AA,Наркотики
rs2952768,TT,Наркотики
rs1045642,AA,Наркотики
rs1128503,GG,Наркотики
rs6275,AA,Наркотики
rs1714984,GG,Наркотики
rs965972,AA,Наркотики
rs1867898,GG,Наркотики
rs5443,CC,Наркотики
rs12364283,AA,Наркотики
rs4648317,GG,Наркотики
rs910079,AA,Наркотики
rs2283265,CC,Наркотики
rs16969968,GG,Наркотики
rs9387522,CC,Наркотики
rs11503014,CC,Наркотики
rs910080,AA,Наркотики
rs737865,AA,Наркотики
rs1997794,TT,Наркотики
rs2239670,GG,Наркотики
rs12749204,AA,Наркотики
rs72840936,GG,Наркотики
rs111325002,AA,Наркотики
rs4129566,TT,Наркотики
rs11944332,AA,Наркотики
rs75686122,CC,Наркотики
rs11575893,CC,Наркотики
rs1360780,CC,Депрессия
rs7174755,TT,Депрессия
rs12054895,GG,Депрессия
rs6305,GG,Депрессия
rs6314,GG,Депрессия
rs6313,GG,Депрессия
rs4570625,GG,Депрессия
rs1006737,GG,Депрессия
rs5443,CC,Депрессия
rs7412,CC,Депрессия
rs1805054,CC,Депрессия
rs6537837,CC,Депрессия
rs6311,CC,Депрессия
rs1386494,CC,Депрессия
rs242941,CC,Депрессия
rs6265,CC,Депрессия
rs11568817,AA,Депрессия
rs110402,AA,Депрессия
rs7997012,AA,Депрессия
rs310501,AA,Депрессия
rs1545843,GG,Депрессия
rs2522833,AA,Депрессия
rs10065906,AA,Депрессия
rs17144465,AA,Депрессия
rs7647854,AA,Депрессия
rs7713917,AA,Депрессия
rs324650,TT,Депрессия
rs1799913,GG,Депрессия
rs1824024,AA,Депрессия
rs2061174,AA,Депрессия
rs737865,AA,Депрессия
rs7757037,GG,Депрессия
rs2766535,GG,Депрессия
rs3800373,AA,Депрессия
rs264272,TT,Депрессия
rs10174573,CC,Депрессия
rs2462686,TT,Депрессия
rs10520045,GG,Депрессия
rs7742824,GG,Депрессия
rs12210761,GG,Депрессия
rs166040,AA,Депрессия
rs9943849,CC,Депрессия
rs606149,CC,Депрессия
rs9601248,TT,Депрессия
rs912988,CC,Депрессия
rs6534441,TT,Депрессия
rs2721937,CC,Депрессия
rs1780436,GG,Депрессия
rs974379,AA,Депрессия
rs4625554,AA,Депрессия
rs4238010,AA,Депрессия
rs9805786,TT,Депрессия
rs3827730,TT,Депрессия
rs17750015,TT,Депрессия
rs237899,GG,Депрессия
rs3770018,AA,Депрессия
rs7933505,GG,Депрессия
rs1031681,CC,Депрессия
rs1549870,GG,Депрессия
rs1880916,GG,Депрессия
rs1954787,TT,Депрессия
rs10514299,CC,Депрессия
rs2179744,GG,Депрессия
rs454214,CC,Депрессия
rs301806,CC,Депрессия
rs1475120,AA,Депрессия
rs10786831,AA,Депрессия
rs12552,GG,Депрессия
rs6476606,AA,Депрессия
rs8025231,AA,Депрессия
rs12065553,AA,Депрессия
rs1656369,AA,Депрессия
rs4543289,GG,Депрессия
rs2125716,AA,Депрессия
rs2422321,AA,Депрессия
rs7044150,CC,Депрессия
rs4149584,CC,Рассеянный склероз
rs6680578,TT,Рассеянный склероз
rs4728142,GG,Рассеянный склероз
rs3135391,GG,Рассеянный склероз
rs1321172,CC,Рассеянный склероз
rs9282860,CC,Рассеянный склероз
rs8702,CC,Рассеянный склероз
rs926103,GG,Рассеянный склероз
rs17445836,GG,Рассеянный склероз
rs929230,GG,Рассеянный склероз
rs12722561,CC,Рассеянный склероз
rs3807306,GG,Рассеянный склероз
rs7775228,TT,Рассеянный склероз
rs2155219,TT,Рассеянный склероз
rs2858331,AA,Рассеянный склероз
rs9275572,GG,Рассеянный склероз
rs6897932,CC,Рассеянный склероз
rs3194051,AA,Рассеянный склероз
rs9271366,AA,Рассеянный склероз
rs2734583,AA,Рассеянный склероз
rs660895,AA,Рассеянный склероз
rs35445101,AA,Рассеянный склероз
rs2303759,TT,Рассеянный склероз
rs4613763,TT,Рассеянный склероз
rs6984045,TT,Рассеянный склероз
rs1800693,TT,Рассеянный склероз
rs2243123,TT,Рассеянный склероз
rs2019960,TT,Рассеянный склероз
rs6604026,TT,Рассеянный склероз
rs2104286,TT,Рассеянный склероз
rs1077667,CC,Рассеянный склероз
rs2283792,GG,Рассеянный склероз
rs1841770,TT,Рассеянный склероз
rs7238078,TT,Рассеянный склероз
rs13192841,GG,Рассеянный склероз
rs10411936,GG,Рассеянный склероз
rs3135388,GG,Рассеянный склероз
rs3761959,CC,Рассеянный склероз
rs2425752,CC,Рассеянный склероз
rs4410871,CC,Рассеянный склероз
rs170934,CC,Рассеянный склероз
rs8070463,CC,Рассеянный склероз
rs9292777,CC,Рассеянный склероз
rs882300,CC,Рассеянный склероз
rs7595037,TT,Рассеянный склероз
rs3135338,TT,Рассеянный склероз
rs2300603,TT,Рассеянный склероз
rs2293152,CC,Рассеянный склероз
rs4939490,CC,Рассеянный склероз
rs17824933,CC,Рассеянный склероз
rs11154801,CC,Рассеянный склероз
rs7255066,CC,Рассеянный склероз
rs17174870,CC,Рассеянный склероз
rs806321,CC,Рассеянный склероз
rs13333054,CC,Рассеянный склероз
rs6952809,CC,Рассеянный склероз
rs12048904,TT,Рассеянный склероз
rs10492972,TT,Рассеянный склероз
rs630923,CC,Рассеянный склероз
rs11810217,CC,Рассеянный склероз
rs12722489,CC,Рассеянный склероз
rs650258,CC,Рассеянный склероз
rs2248359,CC,Рассеянный склероз
rs2523393,AA,Рассеянный склероз
rs2293370,GG,Рассеянный склероз
rs6498169,AA,Рассеянный склероз
rs7592330,AA,Рассеянный склероз
rs7789940,AA,Рассеянный склероз
rs17066096,AA,Рассеянный склероз
rs744166,AA,Рассеянный склероз
rs354033,GG,Рассеянный склероз
rs180515,AA,Рассеянный склероз
rs10984447,AA,Рассеянный склероз
rs2546890,GG,Рассеянный склероз
rs228614,AA,Рассеянный склероз
rs233100,GG,Рассеянный склероз
rs874628,AA,Рассеянный склероз
rs12212193,AA,Рассеянный склероз
rs12368653,GG,Рассеянный склероз
rs6718520,GG,Рассеянный склероз
rs669607,AA,Рассеянный склероз
rs6896969,AA,Рассеянный склероз
rs9891119,AA,Рассеянный склероз
rs12466022,CC,Рассеянный склероз
rs2119704,CC,Рассеянный склероз
rs4285028,AA,Рассеянный склероз
rs4648356,CC,Рассеянный склероз
rs908821,AA,Рассеянный склероз
rs3780792,AA,Рассеянный склероз
rs2300747,AA,Рассеянный склероз
rs2040406,AA,Рассеянный склероз
rs1335532,AA,Рассеянный склероз
rs11581062,AA,Рассеянный склероз
rs11962089,AA,Рассеянный склероз
rs3129889,AA,Рассеянный склероз
rs290986,AA,Рассеянный склероз
rs10466829,AA,Рассеянный склероз
rs2744148,AA,Рассеянный склероз
rs12487066,TT,Рассеянный склероз
rs7577363,GG,Рассеянный склероз
rs7536563,GG,Рассеянный склероз
rs12044852,CC,Рассеянный склероз
rs11164838,CC,Рассеянный склероз
rs10735781,CC,Рассеянный склероз
rs4763655,GG,Рассеянный склероз
rs10975200,AA,Рассеянный склероз
rs4959039,AA,Рассеянный склероз
rs9657904,TT,Рассеянный склероз
rs10201872,CC,Рассеянный склероз
rs1386330,TT,Рассеянный склероз
rs1557351,TT,Рассеянный склероз
rs17157903,CC,Рассеянный склероз
rs12047808,AA,Рассеянный склероз
rs2842483,AA,Рассеянный склероз
rs3129934,CC,Рассеянный склероз
rs3913163,TT,Рассеянный склероз
rs77360604,TT,Рассеянный склероз
rs13115869,TT,Рассеянный склероз
rs2200997,TT,Рассеянный склероз
rs10519631,GG,Рассеянный склероз
rs1364920,GG,Рассеянный склероз
rs2636670,GG,Рассеянный склероз
rs2636683,CC,Рассеянный склероз
rs336408,CC,Рассеянный склероз
rs2172023,CC,Рассеянный склероз
rs79442729,CC,Рассеянный склероз
rs1992418,GG,Рассеянный склероз
rs12504681,AA,Рассеянный склероз
rs7295402,TT,Рассеянный склероз
rs2216228,TT,Рассеянный склероз
rs10841979,CC,Рассеянный склероз
rs2268858,TT,Рассеянный склероз
rs2300726,CC,Рассеянный склероз
rs10459079,CC,Рассеянный склероз
rs2418058,GG,Рассеянный склероз
rs12817074,GG,Рассеянный склероз
rs2728827,AA,Рассеянный склероз
rs2268861,GG,Рассеянный склероз
rs4762899,CC,Рассеянный склероз
rs2300731,CC,Рассеянный склероз
rs7964012,AA,Рассеянный склероз
rs704219,GG,Рассеянный склероз
rs6993386,AA,Рассеянный склероз
rs9282641,GG,Рассеянный склероз
rs11117432,GG,Рассеянный склероз
rs3130058,CC,Рассеянный склероз
rs2239709,CC,Рассеянный склероз
rs2920001,TT,Рассеянный склероз
rs7923837,GG,Рассеянный склероз
rs771767,GG,Рассеянный склероз
rs17090640,GG,Рассеянный склероз
rs703842,GG,Рассеянный склероз
rs1821625,GG,Рассеянный склероз
rs12513380,GG,Рассеянный склероз
rs2069763,CC,Рассеянный склероз
rs140915863,CC,Рассеянный склероз
rs201921967,AA,Рассеянный склероз
rs870849,CC,Рассеянный склероз
rs12708716,GG,Рассеянный склероз
rs2041670,GG,Рассеянный склероз
rs3853601,CC,Рассеянный склероз
rs3093976,GG,Рассеянный склероз
rs3093948,GG,Рассеянный склероз
rs2516393,CC,Рассеянный склероз
rs112176450,GG,Болезнь Паркинсона
rs34778348,GG,Болезнь Паркинсона
rs34637584,GG,Болезнь Паркинсона
rs11931074,GG,Болезнь Паркинсона
rs4998386,CC,Болезнь Паркинсона
rs356219,AA,Болезнь Паркинсона
rs33939927,CC,Болезнь Паркинсона
rs2736990,AA,Болезнь Паркинсона
rs12456492,AA,Болезнь Паркинсона
rs421016,AA,Болезнь Паркинсона
rs287235,GG,Болезнь Паркинсона
rs11176013,AA,Болезнь Паркинсона
rs34410987,CC,Болезнь Паркинсона
rs34995376,GG,Болезнь Паркинсона
rs35870237,TT,Болезнь Паркинсона
rs356220,CC,Болезнь Паркинсона
rs11248060,CC,Болезнь Паркинсона
rs6812193,CC,Болезнь Паркинсона
rs838552,AA,Болезнь Паркинсона
rs283413,CC,Болезнь Паркинсона
rs1559085,AA,Болезнь Паркинсона
rs10513789,TT,Болезнь Паркинсона
rs11564148,TT,Болезнь Паркинсона
rs281865052,AA,Болезнь Паркинсона
rs281865054,GG,Болезнь Паркинсона
rs33949390,GG,Болезнь Паркинсона
rs34594498,CC,Болезнь Паркинсона
rs34805604,AA,Болезнь Паркинсона
rs35801418,AA,Болезнь Паркинсона
rs35808389,AA,Болезнь Паркинсона
rs3761863,AA,Болезнь Паркинсона
rs7133914,GG,Болезнь Паркинсона
rs7308720,CC,Болезнь Паркинсона
rs74163686,AA,Болезнь Паркинсона
rs78365431,GG,Болезнь Паркинсона
rs1442190,GG,Болезнь Паркинсона
rs3129882,AA,Болезнь Паркинсона
rs17577094,AA,Болезнь Паркинсона
rs7971935,GG,Болезнь Паркинсона
rs393152,GG,Болезнь Паркинсона
rs1866995,AA,Болезнь Паркинсона
rs2846468,AA,Болезнь Паркинсона
rs12174214,TT,Болезнь Паркинсона
rs2849518,CC,Болезнь Паркинсона
rs7454474,AA,Болезнь Паркинсона
rs10918270,GG,Болезнь Паркинсона
rs1941184,AA,Болезнь Паркинсона
rs1994090,TT,Болезнь Паркинсона
rs2395163,TT,Болезнь Паркинсона
rs2102808,GG,Болезнь Паркинсона
rs9917256,GG,Болезнь Паркинсона
rs12726330,GG,Болезнь Паркинсона
rs6599389,GG,Болезнь Паркинсона
rs7617877,GG,Болезнь Паркинсона
rs6430538,TT,Болезнь Паркинсона
rs12063142,CC,Болезнь Паркинсона
rs199515,CC,Болезнь Паркинсона
rs6532194,CC,Болезнь Паркинсона
rs12431733,CC,Болезнь Паркинсона
rs11248051,CC,Болезнь Паркинсона
rs34372695,CC,Болезнь Паркинсона
rs12185268,AA,Болезнь Паркинсона
rs199533,GG,Болезнь Паркинсона
rs823156,AA,Болезнь Паркинсона
rs947211,GG,Болезнь Паркинсона
rs8070723,AA,Болезнь Паркинсона
rs4698412,GG,Болезнь Паркинсона
rs11711441,GG,Болезнь Паркинсона
rs183211,GG,Болезнь Паркинсона
rs10464059,GG,Болезнь Паркинсона
rs6532197,AA,Болезнь Паркинсона
rs2242330,AA,Болезнь Паркинсона
rs4538475,AA,Болезнь Паркинсона
rs10519131,AA,Болезнь Паркинсона
rs823128,AA,Болезнь Паркинсона
rs2723264,CC,Болезнь Паркинсона
rs11564187,AA,Болезнь Паркинсона
rs4912537,CC,Болезнь Паркинсона
rs117499775,TT,Болезнь Паркинсона
rs2435203,TT,Болезнь Паркинсона
rs12947764,TT,Болезнь Паркинсона
rs242557,GG,Болезнь Паркинсона
rs11868035,AA,Болезнь Паркинсона
rs3775442,CC,Болезнь Паркинсона
rs66737902,TT,Болезнь Паркинсона
rs1630500,GG,Болезнь Паркинсона
rs3889917,TT,Болезнь Паркинсона
rs2619369,AA,Болезнь Паркинсона
rs2275336,GG,Болезнь Паркинсона
rs11026412,GG,Болезнь Паркинсона
rs35095275,GG,Болезнь Паркинсона
rs775129424,GG,Болезнь Паркинсона
rs429358,TT,Болезнь Альцгеймера
rs744373,AA,Болезнь Альцгеймера
rs2075650,AA,Болезнь Альцгеймера
rs17125944,TT,Болезнь Альцгеймера
rs28834970,TT,Болезнь Альцгеймера
rs7274581,TT,Болезнь Альцгеймера
rs74615166,TT,Болезнь Альцгеймера
rs1476679,TT,Болезнь Альцгеймера
rs10498633,GG,Болезнь Альцгеймера
rs10792832,GG,Болезнь Альцгеймера
rs7561528,GG,Болезнь Альцгеймера
rs9349407,GG,Болезнь Альцгеймера
rs7920721,AA,Болезнь Альцгеймера
rs10838725,TT,Болезнь Альцгеймера
rs9331896,CC,Болезнь Альцгеймера
rs35349669,CC,Болезнь Альцгеймера
rs72807343,CC,Болезнь Альцгеймера
rs3865444,CC,Болезнь Альцгеймера
rs12989701,CC,Болезнь Альцгеймера
rs6733839,CC,Болезнь Альцгеймера
rs9381040,CC,Болезнь Альцгеймера
rs4676049,CC,Болезнь Альцгеймера
rs6859,AA,Болезнь Альцгеймера
rs190982,GG,Болезнь Альцгеймера
rs6656401,GG,Болезнь Альцгеймера
rs983392,AA,Болезнь Альцгеймера
rs2373115,CC,Болезнь Альцгеймера
rs4420638,AA,Болезнь Альцгеймера
rs11771145,GG,Болезнь Альцгеймера
rs9271192,AA,Болезнь Альцгеймера
rs10948363,AA,Болезнь Альцгеймера
rs561655,AA,Болезнь Альцгеймера
rs2718058,AA,Болезнь Альцгеймера
rs10972300,CC,Болезнь Альцгеймера
rs12947764,TT,Болезнь Альцгеймера
rs242557,GG,Болезнь Альцгеймера
rs3785883,GG,Болезнь Альцгеймера
rs1864325,CC,Болезнь Альцгеймера
rs8070723,AA,Болезнь Альцгеймера
rs1981997,GG,Болезнь Альцгеймера
rs1467967,AA,Болезнь Альцгеймера
rs1800750,GG,Болезнь Альцгеймера
rs1799724,CC,Болезнь Альцгеймера
rs7412,CC,Болезнь Альцгеймера
rs9390537,TT,Болезнь Альцгеймера
rs2061333,TT,Болезнь Альцгеймера
rs2446581,GG,Болезнь Альцгеймера
rs11782819,CC,Болезнь Альцгеймера
rs17314229,CC,Болезнь Альцгеймера
rs75932628,CC,Болезнь Альцгеймера
rs157580,AA,Болезнь Альцгеймера
rs7081208,GG,Болезнь Альцгеймера
rs73660619,TT,Болезнь Альцгеймера
rs74006954,GG,Болезнь Альцгеймера
rs11023139,GG,Болезнь Альцгеймера
rs340635,GG,Болезнь Альцгеймера
rs4794202,GG,Болезнь Альцгеймера
rs11154851,CC,Болезнь Альцгеймера
rs538867,CC,Болезнь Альцгеймера
rs4700060,CC,Болезнь Альцгеймера
rs117964204,CC,Болезнь Альцгеймера
rs7009219,CC,Болезнь Альцгеймера
rs112724034,CC,Болезнь Альцгеймера
rs148763909,CC,Болезнь Альцгеймера
rs77636885,CC,Болезнь Альцгеймера
rs17393344,GG,Болезнь Альцгеймера
rs75617873,AA,Болезнь Альцгеймера
rs34972666,AA,Болезнь Альцгеймера
rs2421847,AA,Болезнь Альцгеймера
rs58370486,AA,Болезнь Альцгеймера
rs61144803,AA,Болезнь Альцгеймера
rs115102486,AA,Болезнь Альцгеймера
rs6738962,AA,Болезнь Альцгеймера
rs72832584,AA,Болезнь Альцгеймера
rs11218343,TT,Болезнь Альцгеймера
rs4938933,TT,Болезнь Альцгеймера
rs514716,TT,Болезнь Альцгеймера
rs7039300,TT,Болезнь Альцгеймера
rs2121433,TT,Болезнь Альцгеймера
rs6922617,GG,Болезнь Альцгеймера
rs610932,GG,Болезнь Альцгеймера
rs536841,TT,Болезнь Альцгеймера
rs249153,TT,Болезнь Альцгеймера
rs3764650,TT,Болезнь Альцгеймера
rs569214,GG,Болезнь Альцгеймера
rs2279590,CC,Болезнь Альцгеймера
rs1923775,TT,Болезнь Альцгеймера
rs727153,CC,Болезнь Альцгеймера
rs11136000,CC,Болезнь Альцгеймера
rs1532278,CC,Болезнь Альцгеймера
rs4746003,CC,Болезнь Альцгеймера
rs11610206,TT,Болезнь Альцгеймера
rs3851179,CC,Болезнь Альцгеймера
rs6509701,TT,Болезнь Альцгеймера
rs1562990,AA,Болезнь Альцгеймера
rs753129,AA,Болезнь Альцгеймера
rs3818361,GG,Болезнь Альцгеймера
rs10273775,GG,Болезнь Альцгеймера
rs690705,AA,Болезнь Альцгеймера
rs12044355,AA,Болезнь Альцгеймера
rs2227564,CC,Болезнь Альцгеймера
rs1160985,TT,Болезнь Альцгеймера
rs59007384,GG,Болезнь Альцгеймера
rs157581,TT,Болезнь Альцгеймера
rs157582,CC,Болезнь Альцгеймера
rs3781838,TT,Болезнь Альцгеймера
rs7946599,GG,Болезнь Альцгеймера
rs2298813,GG,Болезнь Альцгеймера
rs12364988,TT,Болезнь Альцгеймера
rs676759,TT,Болезнь Альцгеймера
rs3862605,TT,Болезнь Альцгеймера
rs726601,CC,Болезнь Альцгеймера
rs3781836,GG,Болезнь Альцгеймера
rs10892752,AA,Болезнь Альцгеймера
rs4420280,AA,Болезнь Альцгеймера
rs11218325,AA,Болезнь Альцгеймера
rs1784931,CC,Болезнь Альцгеймера
rs3781834,AA,Болезнь Альцгеймера
rs17125523,AA,Болезнь Альцгеймера
rs1422438,GG,Болезнь Альцгеймера
rs56131196,GG,Болезнь Альцгеймера
rs509208,CC,Болезнь Альцгеймера
rs9877502,GG,Болезнь Альцгеймера
rs1801277,TT,Болезнь Альцгеймера
rs10205233,CC,Болезнь Альцгеймера
rs17268434,GG,Болезнь Альцгеймера
rs16822607,AA,Болезнь Альцгеймера
rs11754661,GG,Болезнь Альцгеймера
rs9969729,GG,Болезнь Альцгеймера
rs4937314,AA,Болезнь Альцгеймера
rs11983798,GG,Болезнь Альцгеймера
rs6468852,AA,Болезнь Альцгеймера
rs3785885,GG,Болезнь Альцгеймера
rs4647698,CC,Болезнь Альцгеймера
rs190788828,AA,Болезнь Альцгеймера
rs115550680,AA,Болезнь Альцгеймера
rs10504861,CC,Мигрень
rs6741751,GG,Мигрень
rs4379368,CC,Мигрень
rs11172113,CC,Мигрень
rs10849061,CC,Мигрень
rs11759769,GG,Мигрень
rs6478241,GG,Мигрень
rs9349379,AA,Мигрень
rs3094117,AA,Мигрень
rs10166942,CC,Мигрень
rs2651899,TT,Мигрень
rs6951030,TT,Мигрень
rs2653349,AA,Мигрень
rs566529,GG,Мигрень
rs1835740,CC,Мигрень
rs1042838,CC,Мигрень
rs11624776,CC,Мигрень
rs2076054,TT,Мигрень
rs17051917,CC,Мигрень
rs4345220,AA,Мигрень
rs3790455,TT,Мигрень
rs2274316,AA,Мигрень
rs3781719,AA,Мигрень
rs200945460,AA,Полиневропатия
rs28931574,CC,Полиневропатия
rs28933979,GG,Полиневропатия
rs104894080,CC,Полиневропатия
rs1132787,CC,Полиневропатия
rs137852737,GG,Полиневропатия
rs3826795,GG,Полиневропатия
rs502716,GG,Полиневропатия
rs4722585,GG,Полиневропатия
rs886039872,GG,Полиневропатия
rs267606624,GG,Полиневропатия
rs587777602,CC,Полиневропатия
rs587777604,CC,Полиневропатия
rs587777603,CC,Полиневропатия
rs172378,AA,Полиневропатия
rs2275697,GG,Полиневропатия
rs41264871,AA,Полиневропатия
rs7294354,GG,Полиневропатия
rs147738081,CC,Полиневропатия
rs522521,CC,Полиневропатия
rs4369876,CC,Полиневропатия
rs12478318,TT,Полиневропатия
rs73969684,CC,Полиневропатия
rs80356586,AA,Полиневропатия
rs182650126,TT,Полиневропатия
rs281865138,TT,Полиневропатия
rs137852739,GG,Полиневропатия
rs104894160,CC,Полиневропатия
rs755919784,TT,Полиневропатия
rs11189867,TT,Полиневропатия
rs4553808,AA,Миастения
rs16862847,TT,Миастения
rs743777,AA,Миастения
rs3087243,AA,Миастения
rs733618,TT,Миастения
rs2476601,GG,Миастения
rs6477872,TT,Миастения
rs772025588,AA,Миастения
rs764497513,GG,Миастения
rs7169523,AA,Миастения
rs6850606,GG,Миастения
rs118203994,GG,Миастения
rs118203995,CC,Миастения
rs121912815,CC,Миастения
rs121912816,GG,Миастения
rs121912817,GG,Миастения
rs121912818,AA,Миастения
rs556621,GG,Инсульт
rs16851055,GG,Инсульт
rs879324,GG,Инсульт
rs2107595,GG,Инсульт
rs2238151,CC,Инсульт
rs11984041,CC,Инсульт
rs13407662,CC,Инсульт
rs12425791,GG,Инсульт
rs6843082,AA,Инсульт
rs11672433,GG,Инсульт
rs4076317,CC,Инсульт
rs225132,TT,Инсульт
rs7937106,TT,Инсульт
rs1842681,GG,Инсульт
rs2236406,TT,Инсульт
rs13299556,TT,Инсульт
rs114947355,CC,Инсульт
rs142655108,CC,Инсульт
rs115670077,GG,Инсульт
rs72976591,CC,Инсульт
rs184221467,GG,Инсульт
rs138134155,GG,Инсульт
rs77460585,GG,Инсульт
rs114527838,GG,Инсульт
rs6967981,GG,Инсульт
rs112455974,CC,Инсульт
rs565295967,CC,Инсульт
rs140164788,CC,Инсульт
rs115825287,CC,Инсульт
rs192977447,TT,Инсульт
rs55931441,GG,Инсульт
rs113949028,GG,Инсульт
rs181095590,GG,Инсульт
rs73923591,GG,Инсульт
rs12646447,TT,Инсульт
rs6797312,TT,Инсульт
rs4792143,CC,Инсульт
rs2200733,CC,Инсульт
rs2084898,GG,Инсульт
rs1401296,TT,Инсульт
rs1364044,CC,Инсульт
rs469568,CC,Инсульт
rs173686,AA,Инсульт
rs161802,GG,Инсульт
rs6025,CC,Инсульт
rs5443,CC,Инсульт
rs3783799,CC,Инсульт
rs2230500,GG,Инсульт
rs74475935,CC,Инсульт
rs635634,CC,Инсульт
rs505922,TT,Инсульт
rs579459,TT,Инсульт
rs12438353,CC,Инсульт
rs2219939,GG,Инсульт
rs899997,GG,Инсульт
rs783396,CC,Инсульт
rs4471613,GG,Инсульт
rs10744777,CC,Инсульт
rs34311906,TT,Инсульт
rs9351814,AA,Инсульт
rs880315,TT,Инсульт
rs42039,CC,Инсульт
rs1333040,CC,Инсульт
rs2383207,GG,Инсульт
rs1333047,AA,Инсульт
rs1333049,GG,Инсульт
rs10757272,CC,Инсульт
rs9899375,CC,Инсульт
rs7859727,TT,Инсульт
rs7283054,GG,Инсульт
rs12413409,AA,Инсульт
rs17612742,TT,Инсульт
rs6841581,GG,Инсульт
rs6842241,CC,Инсульт
rs1937787,CC,Инсульт
rs6825454,TT,Инсульт
rs10400694,GG,Инсульт
rs4959130,GG,Инсульт
rs12204590,TT,Инсульт
rs4932370,GG,Инсульт
rs28688791,TT,Инсульт
rs7771564,AA,Инсульт
rs1804689,GG,Инсульт
rs5752326,CC,Инсульт
rs11681884,CC,Инсульт
rs2229383,TT,Инсульт
rs7156510,GG,Инсульт
rs1564060,GG,Инсульт
rs768606,TT,Инсульт
rs12476527,GG,Инсульт
rs10820405,GG,Инсульт
rs2822388,AA,Инсульт
rs11957829,AA,Инсульт
rs12291066,GG,Инсульт
rs1800801,CC,Инсульт
rs2005108,CC,Инсульт
rs34166160,CC,Инсульт
rs11833579,GG,Инсульт
rs4867766,GG,Инсульт
rs6891174,GG,Инсульт
rs7304841,AA,Инсульт
rs2634071,CC,Инсульт
rs2634074,AA,Инсульт
rs13143308,GG,Инсульт
rs6817105,TT,Инсульт
rs1052053,AA,Инсульт
rs2984613,TT,Инсульт
rs4714955,CC,Инсульт
rs17114036,AA,Инсульт
rs11867415,AA,Инсульт
rs704341,GG,Инсульт
rs12449964,CC,Инсульт
rs12936587,GG,Инсульт
rs146390073,CC,Инсульт
rs248812,CC,Инсульт
rs2295786,AA,Инсульт
rs10455872,AA,Инсульт
rs72794386,AA,Инсульт
rs16896398,AA,Инсульт
rs8103309,TT,Инсульт
rs1122608,GG,Инсульт
rs599839,GG,Инсульт
rs781542,GG,Инсульт
rs7705819,CC,Инсульт
rs35436,CC,Инсульт
rs12190287,CC,Инсульт
rs13168506,GG,Инсульт
rs7610618,CC,Инсульт
rs2084637,CC,Инсульт
rs9345396,CC,Инсульт
rs12124533,CC,Инсульт
rs12122341,CC,Инсульт
rs17771318,GG,Инсульт
rs7582720,TT,Инсульт
rs12037987,TT,Инсульт
rs11556924,CC,Инсульт
rs12445022,GG,Инсульт
rs7193343,CC,Инсульт
rs12932445,TT,Инсульт
rs72184,AA,Инсульт
rs10507391,AA,Инсульт
rs211037,CC,Эпилепсия
rs11890028,GG,Эпилепсия
rs580041,CC,Эпилепсия
rs6432860,GG,Эпилепсия
rs7587026,CC,Эпилепсия
rs200945460,AA,Эпилепсия
rs4426541,GG,Эпилепсия
rs6735544,AA,Эпилепсия
rs17679445,GG,Эпилепсия
rs747283,TT,Эпилепсия
rs3769955,CC,Эпилепсия
rs684513,CC,Эпилепсия
rs2304016,AA,Эпилепсия
rs121912707,CC,Эпилепсия
rs16019,TT,Эпилепсия
rs2290732,AA,Эпилепсия
rs3804505,GG,Эпилепсия
rs39861,AA,Эпилепсия
rs28940576,GG,Эпилепсия
rs147484110,CC,Эпилепсия
rs148382729,CC,Эпилепсия
rs964112,CC,Эпилепсия
rs11031434,GG,Эпилепсия
rs986527,GG,Эпилепсия
rs2273697,GG,Эпилепсия
rs121909580,GG,Эпилепсия
rs1799963,GG,Свёртываемость
rs2289252,CC,Свёртываемость
rs267606981,TT,Свёртываемость
rs2731672,CC,Свёртываемость
rs2036914,CC,Свёртываемость
rs1801020,GG,Свёртываемость
rs1613662,AA,Свёртываемость
rs13146272,AA,Свёртываемость
rs9923231,CC,Свёртываемость
rs699664,CC,Свёртываемость
rs7294,CC,Свёртываемость
rs9934438,GG,Свёртываемость
rs17708472,GG,Свёртываемость
rs2359612,GG,Свёртываемость
rs2884737,AA,Свёртываемость
rs12340895,CC,Свёртываемость
rs5918,TT,Свёртываемость
rs1800775,AA,Свёртываемость
rs10757274,AA,Инфаркт миокарда
rs1333042,AA,Инфаркт миокарда
rs17465637,AA,Инфаркт миокарда
rs4804611,AA,Инфаркт миокарда
rs3798220,TT,Инфаркт миокарда
rs646776,TT,Инфаркт миокарда
rs886126,CC,Инфаркт миокарда
rs17672135,TT,Инфаркт миокарда
rs11066280,TT,Инфаркт миокарда
rs2505083,TT,Инфаркт миокарда
rs6725887,TT,Инфаркт миокарда
rs7808424,TT,Инфаркт миокарда
rs1842896,TT,Инфаркт миокарда
rs12740374,TT,Инфаркт миокарда
rs12413409,AA,Инфаркт миокарда
rs11671653,GG,Инфаркт миокарда
rs2259816,GG,Инфаркт миокарда
rs7203193,GG,Инфаркт миокарда
rs6504218,GG,Инфаркт миокарда
rs11669133,GG,Инфаркт миокарда
rs12200560,AA,Инфаркт миокарда
rs9546711,GG,Инфаркт миокарда
rs1994016,TT,Инфаркт миокарда
rs3729639,CC,Инфаркт миокарда
rs2895811,TT,Инфаркт миокарда
rs3127599,CC,Инфаркт миокарда
rs7767084,TT,Инфаркт миокарда
rs2048327,TT,Инфаркт миокарда
rs11924705,TT,Инфаркт миокарда
rs1746048,TT,Инфаркт миокарда
rs1412444,CC,Инфаркт миокарда
rs9818870,CC,Инфаркт миокарда
rs12526453,GG,Инфаркт миокарда
rs6601299,CC,Инфаркт миокарда
rs7801190,CC,Инфаркт миокарда
rs7569328,CC,Инфаркт миокарда
rs974819,CC,Инфаркт миокарда
rs46522,CC,Инфаркт миокарда
rs11650066,GG,Инфаркт миокарда
rs9268402,AA,Инфаркт миокарда
rs4773144,AA,Инфаркт миокарда
rs1231206,GG,Инфаркт миокарда
rs12936587,GG,Инфаркт миокарда
rs7697839,AA,Инфаркт миокарда
rs2515629,TT,Инфаркт миокарда
rs10933436,CC,Инфаркт миокарда
rs17114046,AA,Инфаркт миокарда
rs6905288,AA,Инфаркт миокарда
rs1333040,CC,Инфаркт миокарда
rs10811661,TT,Инфаркт миокарда
rs10757278,AA,Инфаркт миокарда
rs2383207,GG,Инфаркт миокарда
rs7025486,GG,Инфаркт миокарда
rs4977574,AA,Инфаркт миокарда
rs1333049,GG,Инфаркт миокарда
rs1041981,CC,Инфаркт миокарда
rs909253,AA,Инфаркт миокарда
rs5918,TT,Инфаркт миокарда
rs1048990,CC,Инфаркт миокарда
rs2383206,AA,Инфаркт миокарда
rs11206510,CC,Инфаркт миокарда
rs619203,GG,Инфаркт миокарда
rs4961,GG,Гипертония
rs5186,AA,Гипертония
rs1529927,GG,Гипертония
rs16890334,TT,Гипертония
rs2030114,GG,Гипертония
rs10930597,CC,Гипертония
rs11887188,CC,Гипертония
rs4963,CC,Гипертония
rs4149601,GG,Гипертония
rs2820037,AA,Гипертония
rs6997709,TT,Гипертония
rs2304483,TT,Гипертония
rs2846680,AA,Гипертония
rs675482,AA,Гипертония
rs11825181,GG,Гипертония
rs11823543,GG,Гипертония
rs2954033,GG,Гипертония
rs2266788,AA,Гипертония
rs2288774,TT,Гипертония
rs3865418,CC,Гипертония
rs7961152,CC,Гипертония
rs1937506,GG,Гипертония
rs2398162,GG,Гипертония
rs4684847,CC,Гипертония
rs3755351,GG,Гипертония
rs3794260,GG,Гипертония
rs9739493,TT,Гипертония
rs1805762,GG,Гипертония
rs3754777,CC,Гипертония
rs6749447,TT,Гипертония
rs1126742,CC,Гипертония
rs3781719,AA,Гипертония
rs1799983,GG,Гипертония
rs1801253,CC,Гипертония
rs3782218,CC,ИБС
rs556621,GG,ИБС
rs12425791,GG,ИБС
rs1746048,TT,ИБС
rs1412444,CC,ИБС
rs2107595,GG,ИБС
rs16851055,GG,ИБС
rs879324,GG,ИБС
rs2238151,CC,ИБС
rs11984041,CC,ИБС
rs13407662,CC,ИБС
rs6843082,AA,ИБС
rs646776,TT,ИБС
rs886126,CC,ИБС
rs17672135,TT,ИБС
rs11066280,TT,ИБС
rs2505083,TT,ИБС
rs3798220,TT,ИБС
rs2306374,TT,ИБС
rs579459,TT,ИБС
rs7586970,TT,ИБС
rs6725887,TT,ИБС
rs7808424,TT,ИБС
rs1842896,TT,ИБС
rs11066015,GG,ИБС
rs671,GG,ИБС
rs8055236,TT,ИБС
rs10757274,AA,ИБС
rs1333042,AA,ИБС
rs12740374,TT,ИБС
rs12413409,AA,ИБС
rs11671653,GG,ИБС
rs2259816,GG,ИБС
rs7203193,GG,ИБС
rs10755578,CC,ИБС
rs675026,GG,ИБС
rs6504218,GG,ИБС
rs11669133,GG,ИБС
rs12200560,AA,ИБС
rs9546711,GG,ИБС
rs1994016,TT,ИБС
rs7136259,CC,ИБС
rs10953541,TT,ИБС
rs8060686,CC,ИБС
rs3729639,CC,ИБС
rs2895811,TT,ИБС
rs3127599,CC,ИБС
rs7767084,TT,ИБС
rs17465637,AA,ИБС
rs9818870,CC,ИБС
rs12526453,GG,ИБС
rs6601299,CC,ИБС
rs11206510,CC,ИБС
rs11752643,CC,ИБС
rs1333048,AA,ИБС
rs1333049,GG,ИБС
rs2123536,CC,ИБС
rs4743150,CC,ИБС
rs7569328,CC,ИБС
rs974819,CC,ИБС
rs9982601,CC,ИБС
rs12190287,CC,ИБС
rs46522,CC,ИБС
rs11556924,CC,ИБС
rs964184,CC,ИБС
rs11650066,GG,ИБС
rs9268402,AA,ИБС
rs4773144,AA,ИБС
rs1165669,AA,ИБС
rs1231206,GG,ИБС
rs12936587,GG,ИБС
rs2472299,GG,ИБС
rs3869109,AA,ИБС
rs7697839,AA,ИБС
rs2515629,TT,ИБС
rs10933436,CC,ИБС
rs9349379,AA,ИБС
rs17114036,AA,ИБС
rs17114046,AA,ИБС
rs599839,GG,ИБС
rs1263173,GG,ИБС
rs2346177,GG,ИБС
rs6905288,AA,ИБС
rs2383207,GG,ИБС
rs3135506,GG,ИБС
rs10757278,AA,ИБС
rs4665058,CC,ИБС
rs708272,AA,ИБС
rs1676232,GG,ИБС
rs662799,AA,ИБС
rs4977574,AA,ИБС
rs6882776,AA,ИБС
rs28936670,CC,ИБС
rs72554028,CC,ИБС
rs703752,CC,ИБС
rs1333040,CC,ИБС
rs7025486,GG,ИБС
rs1063192,AA,ИБС
rs2811712,GG,ИБС
rs2857657,CC,ИБС
rs1024611,AA,ИБС
rs10116277,TT,ИБС
rs5443,CC,ИБС
rs2383206,AA,ИБС
rs6922269,GG,ИБС
rs501120,CC,ИБС
rs10455872,AA,ИБС
rs20455,TT,ИБС
rs1799983,GG,ИБС
rs383830,TT,ИБС
rs7250581,AA,ИБС
rs688034,CC,ИБС
rs2943634,AA,ИБС
rs17228212,TT,ИБС
rs2713604,CC,ИБС
rs3803,CC,ИБС
rs1800787,TT,ИБС
rs4404477,CC,ИБС
rs2331291,CC,ИБС
rs3918242,CC,ИБС
rs9632884,GG,Атеросклероз
rs1878406,CC,Атеросклероз
rs4712972,GG,Атеросклероз
rs17045031,GG,Атеросклероз
rs445925,GG,Атеросклероз
rs9515203,CC,Атеросклероз
rs958994,AA,Атеросклероз
rs17691394,AA,Атеросклероз
rs2229116,GG,Атеросклероз
rs17151904,GG,Атеросклероз
rs1697137,TT,Атеросклероз
rs588517,CC,Атеросклероз
rs13053817,CC,Атеросклероз
rs147555597,GG,Атеросклероз
rs9727451,GG,Атеросклероз
rs11413744,TT,Атеросклероз
rs4779614,CC,Атеросклероз
rs259140,GG,Атеросклероз
rs17398575,GG,Атеросклероз
rs11781551,GG,Атеросклероз
rs6601530,AA,Атеросклероз
rs6511720,GG,Атеросклероз
rs11726269,AA,Атеросклероз
rs682112,GG,Атеросклероз
rs2526620,AA,Атеросклероз
rs118039278,GG,Атеросклероз
rs8003602,CC,Атеросклероз
rs10841443,CC,Атеросклероз
rs112043140,CC,Атеросклероз
rs2822693,CC,Атеросклероз
rs1108775,GG,Атеросклероз
rs1856746,GG,Атеросклероз
rs2791713,AA,Атеросклероз
rs291096,TT,Атеросклероз
rs11012265,CC,Атеросклероз
rs17366136,GG,Атеросклероз
rs10830090,GG,Атеросклероз
rs17078595,AA,Атеросклероз
rs6894083,AA,Атеросклероз
rs890710,CC,Атеросклероз
rs1035208,CC,Атеросклероз
rs6900057,AA,Атеросклероз
rs12285326,GG,Атеросклероз
rs1143679,GG,СКВ
rs2004640,GG,СКВ
rs13385731,TT,СКВ
rs2230926,TT,СКВ
rs7574865,GG,СКВ
rs3821236,GG,СКВ
rs13277113,GG,СКВ
rs403016,CC,СКВ
rs10954213,GG,СКВ
rs10499197,TT,СКВ
rs704840,TT,СКВ
rs2275247,TT,СКВ
rs2736340,CC,СКВ
rs12711490,TT,СКВ
rs13239597,CC,СКВ
rs1635852,TT,СКВ
rs11860650,CC,СКВ
rs9303277,CC,СКВ
rs960709,GG,СКВ
rs2176082,GG,СКВ
rs7172677,CC,СКВ
rs10498070,AA,СКВ
rs2051549,AA,СКВ
rs10488631,TT,СКВ
rs548234,TT,СКВ
rs11574637,TT,СКВ
rs9937837,TT,СКВ
rs131654,TT,СКВ
rs6445975,TT,СКВ
rs12537284,GG,СКВ
rs2205960,GG,СКВ
rs3131379,GG,СКВ
rs558702,GG,СКВ
rs2301271,GG,СКВ
rs6049839,GG,СКВ
rs4917014,GG,СКВ
rs5754217,GG,СКВ
rs4639966,TT,СКВ
rs4963128,CC,СКВ
rs10036748,TT,СКВ
rs4684256,CC,СКВ
rs1128334,CC,СКВ
rs2618476,TT,СКВ
rs2431697,CC,СКВ
rs9271100,CC,СКВ
rs10911628,CC,СКВ
rs8023715,CC,СКВ
rs5029939,CC,СКВ
rs2187668,CC,СКВ
rs1385374,CC,СКВ
rs9888739,CC,СКВ
rs1150754,CC,СКВ
rs12949531,CC,СКВ
rs2647012,CC,СКВ
rs7812879,CC,СКВ
rs7197475,CC,СКВ
rs11101442,CC,СКВ
rs4728142,GG,СКВ
rs10516487,GG,СКВ
rs10276619,AA,СКВ
rs6695567,AA,СКВ
rs6590330,GG,СКВ
rs7329174,AA,СКВ
rs729302,AA,СКВ
rs1801274,AA,СКВ
rs1913517,GG,СКВ
rs1800629,GG,СКВ
rs1883832,CC,СКВ
rs4948496,TT,СКВ
rs12599402,CC,СКВ
rs10857712,TT,СКВ
rs2254546,GG,СКВ
rs7097397,GG,СКВ
rs4522865,GG,СКВ
rs12629106,CC,СКВ
rs3130320,CC,СКВ
rs6705628,CC,СКВ
rs340630,GG,СКВ
rs11150610,CC,СКВ
rs13306575,GG,СКВ
rs2248932,GG,СКВ
rs3024505,GG,СКВ
rs3129860,GG,СКВ
rs17266594,TT,СКВ
rs633724,CC,СКВ
rs2431099,AA,СКВ
rs2327832,AA,СКВ
rs3748079,CC,СКВ
rs4794067,TT,СКВ
rs1205,CC,СКВ
rs907715,CC,СКВ
rs17250932,TT,СКВ
rs1800630,CC,СКВ
rs419788,CC,СКВ
rs3093061,TT,СКВ
rs3733197,GG,СКВ
rs6835457,AA,СКВ
rs2304256,AA,СКВ
rs2075799,CC,СКВ
rs2280381,TT,СКВ
rs2071278,AA,СКВ
rs11569523,CC,СКВ
rs11117956,TT,СКВ
rs2250656,TT,СКВ
rs17047631,TT,СКВ
rs677066,TT,СКВ
rs423490,GG,СКВ
rs3738468,GG,СКВ
rs10779339,CC,СКВ
rs2230205,CC,СКВ
rs4310446,TT,СКВ
rs11118131,CC,СКВ
rs4807895,GG,СКВ
rs3818361,GG,СКВ
rs12034383,GG,СКВ
rs6656401,GG,СКВ
rs2025935,GG,СКВ
rs1408077,CC,СКВ
rs1571344,AA,СКВ
rs1990760,CC,СКВ
rs2618479,GG,СКВ
rs1167796,GG,СКВ
rs610604,TT,СКВ
rs9275596,TT,СКВ
rs3024839,TT,СКВ
rs5744168,GG,СКВ
rs11889341,CC,СКВ
rs10168266,CC,СКВ
rs3024896,CC,СКВ
rs1517352,AA,СКВ
rs10181656,CC,СКВ
rs7582694,GG,СКВ
rs509749,GG,СКВ
rs2241524,GG,СКВ
rs172378,AA,СКВ
rs9275572,GG,СКВ
rs11717455,TT,СКВ
rs9270984,GG,СКВ
rs11073328,CC,СКВ
rs12141391,CC,СКВ
rs979233,CC,СКВ
rs12822507,AA,СКВ
rs4852324,TT,СКВ
rs3734266,TT,СКВ
rs17039212,CC,СКВ
rs10845606,CC,СКВ
rs10911390,CC,СКВ
rs4622329,AA,СКВ
rs7186852,AA,СКВ
rs34015031,TT,СКВ
rs35131781,AA,СКВ
rs241428,TT,СКВ
rs3745567,CC,СКВ
rs9276606,AA,СКВ
rs4572884,CC,СКВ
rs11676922,TT,РА
rs26232,CC,РА
rs10818488,GG,РА
rs3218251,TT,РА
rs13315591,TT,РА
rs9372120,TT,РА
rs67250450,CC,РА
rs7765379,TT,РА
rs11761231,TT,РА
rs12529514,TT,РА
rs4409785,TT,РА
rs13142500,TT,РА
rs998731,TT,РА
rs10821944,TT,РА
rs12831974,TT,РА
rs13330176,TT,РА
rs11089637,TT,РА
rs4780401,TT,РА
rs7574865,GG,РА
rs231735,TT,РА
rs13031237,GG,РА
rs3093023,GG,РА
rs2867461,GG,РА
rs4750316,GG,РА
rs2561477,GG,РА
rs9826828,GG,РА
rs6920220,GG,РА
rs6732565,GG,РА
rs678347,AA,РА
rs657075,GG,РА
rs11889341,CC,РА
rs1877030,CC,РА
rs73013527,CC,РА
rs3824660,TT,РА
rs2736337,TT,РА
rs2469434,TT,РА
rs3184504,CC,РА
rs615672,GG,РА
rs6859219,CC,РА
rs10499194,CC,РА
rs71508903,CC,РА
rs6496667,CC,РА
rs2961663,CC,РА
rs6679677,CC,РА
rs6715284,CC,РА
rs726288,CC,РА
rs6457620,CC,РА
rs4452313,AA,РА
rs8133843,AA,РА
rs11574914,GG,РА
rs2664035,GG,РА
rs2847297,AA,РА
rs3087243,AA,РА
rs2240335,CC,РА
rs805297,CC,РА
rs660895,AA,РА
rs10865035,AA,РА
rs10774624,AA,РА
rs3761847,AA,РА
rs2671692,GG,РА
rs10985070,CC,РА
rs2104286,TT,РА
rs6457617,TT,РА
rs3816587,TT,РА
rs2837960,TT,РА
rs13192841,GG,РА
rs6822844,GG,РА
rs3890745,TT,РА
rs2240340,CC,РА
rs1953126,CC,РА
rs7528684,GG,РА
rs743777,AA,РА
rs6684865,GG,РА
rs9550642,GG,РА
rs3738919,AA,РА
rs2327832,AA,РА
rs11162922,AA,РА
rs11203366,AA,РА
rs10488631,TT,РА
rs8032939,TT,РА
rs13192471,TT,РА
rs331463,TT,РА
rs2317230,TT,РА
rs1950897,TT,РА
rs2230926,TT,РА
rs1571878,TT,РА
rs3781913,TT,РА
rs4810485,TT,РА
rs4305317,GG,РА
rs3093024,GG,РА
rs12131057,GG,РА
rs9275406,GG,РА
rs8026898,GG,РА
rs1043099,GG,РА
rs2075876,GG,РА
rs2872507,GG,РА
rs2841277,CC,РА
rs1980422,TT,РА
rs34695944,TT,РА
rs2451258,TT,РА
rs3125734,CC,РА
rs1516971,TT,РА
rs11933540,TT,РА
rs2736340,CC,РА
rs227163,TT,РА
rs874040,GG,РА
rs968567,CC,РА
rs72634030,CC,РА
rs11900673,CC,РА
rs881375,CC,РА
rs624988,CC,РА
rs2233424,CC,РА
rs9653442,CC,РА
rs28411352,CC,РА
rs73081554,CC,РА
rs2582532,CC,РА
rs1858037,TT,РА
rs909685,AA,РА
rs6910071,AA,РА
rs9571178,GG,РА
rs2812378,AA,РА
rs11203203,GG,РА
rs934734,AA,РА
rs4272,AA,РА
rs13017599,GG,РА
rs3806624,GG,РА
rs10175798,GG,РА
rs1893592,AA,РА
rs13119723,AA,РА
rs45475795,AA,РА
rs951005,AA,РА
rs947474,AA,РА
rs12140275,AA,РА
rs9268839,AA,РА
rs2233434,AA,РА
rs4678,GG,РА
rs12525220,GG,РА
rs7731626,GG,РА
rs2072438,CC,РА
rs1854853,AA,РА
rs12379034,AA,РА
rs3763309,CC,РА
rs1160542,GG,РА
rs1678542,GG,РА
rs2476601,GG,РА
rs5029937,GG,РА
rs10760130,GG,РА
rs3766379,CC,РА
rs6682654,AA,РА
rs2442728,GG,РА
rs10965235,CC,Эндометриоз
rs10859871,AA,Эндометриоз
rs16826658,TT,Эндометриоз
rs1537377,TT,Эндометриоз
rs7739264,TT,Эндометриоз
rs12700667,GG,Эндометриоз
rs7521902,CC,Эндометриоз
rs2235529,CC,Эндометриоз
rs13394619,AA,Эндометриоз
rs9340799,AA,Эндометриоз
rs6907340,TT,Эндометриоз
rs801112,TT,Эндометриоз
rs12449465,TT,Эндометриоз
rs7816936,TT,Эндометриоз
rs10431397,CC,Эндометриоз
rs11193561,CC,Эндометриоз
rs10508881,AA,Эндометриоз
rs955988,TT,Бесплодие
rs12097821,GG,Бесплодие
rs35576928,CC,Бесплодие
rs9814870,AA,Бесплодие
rs6068020,CC,Бесплодие
rs10841496,CC,Бесплодие
rs10917151,GG,Бесплодие
rs10122243,CC,Бесплодие
rs3129878,AA,Бесплодие
rs498422,TT,Бесплодие
rs6836703,GG,Бесплодие
rs2293275,TT,Бесплодие
rs2301365,GG,Бесплодие
rs10910078,CC,Бесплодие
rs2477686,CC,Бесплодие
rs10842262,GG,Бесплодие
rs2010963,GG,Бесплодие
rs3918188,CC,Бесплодие
rs1053023,TT,Бесплодие
rs1799983,GG,Бесплодие
rs360717,GG,Бесплодие
rs2070744,CC,Бесплодие
rs187238,CC,Бесплодие
rs4680,GG,Бесплодие
rs1052133,CC,Бесплодие
rs9939609,TT,Бесплодие
rs3025039,CC,Бесплодие
rs17880664,AA,Бесплодие
rs1048943,TT,Бесплодие
rs1799963,GG,Бесплодие
rs6025,CC,Бесплодие
rs2232365,CC,Бесплодие
rs6505162,CC,Бесплодие
rs2275913,GG,Бесплодие
rs763780,TT,Бесплодие
rs4646903,AA,Бесплодие
rs1805087,AA,Бесплодие
rs8034191,TT,Рак лёгких
rs2808630,TT,Рак лёгких
rs1051730,GG,Рак лёгких
rs763317,GG,Рак лёгких
rs7086803,GG,Рак лёгких
rs4488809,TT,Рак лёгких
rs4324798,GG,Рак лёгких
rs61764370,AA,Рак лёгких
rs2853677,AA,Рак лёгких
rs4254535,TT,Рак лёгких
rs3117582,TT,Рак лёгких
rs7216064,GG,Рак лёгких
rs2395185,GG,Рак лёгких
rs1530057,GG,Рак лёгких
rs10197940,CC,Рак лёгких
rs2352028,CC,Рак лёгких
rs402710,TT,Рак лёгких
rs10849605,TT,Рак лёгких
rs36600,CC,Рак лёгких
rs401681,TT,Рак лёгких
rs8042374,AA,Рак лёгких
rs753955,AA,Рак лёгких
rs2736100,AA,Рак лёгких
rs9387478,AA,Рак лёгких
rs1926203,CC,Рак лёгких
rs4975616,AA,Рак лёгких
rs12613938,CC,Рак лёгких
rs1267601,TT,Рак лёгких
rs6740703,AA,Рак лёгких
rs1267622,AA,Рак лёгких
rs7591913,GG,Рак лёгких
rs13314271,CC,Рак лёгких
rs17879961,AA,Рак лёгких
rs11571833,AA,Рак лёгких
rs3749971,GG,Рак лёгких
rs3131379,GG,Рак лёгких
rs13180,CC,Рак лёгких
rs31489,AA,Рак лёгких
rs1270942,AA,Рак лёгких
rs2684807,TT,Рак лёгких
rs2684799,CC,Рак лёгких
rs7170035,AA,Рак лёгких
rs10508266,GG,Рак лёгких
rs3750861,CC,Рак лёгких
rs17576,AA,Рак лёгких
rs2250889,GG,Рак лёгких
rs7727912,TT,Рак лёгких
rs805297,CC,Рак лёгких
rs805293,TT,Рак лёгких
rs707939,CC,Рак лёгких
rs1802127,CC,Рак лёгких
rs4461039,AA,Рак лёгких
rs16969968,GG,Рак лёгких
rs12914385,CC,Рак лёгких
rs12440014,CC,Рак лёгких
rs1316971,GG,Рак лёгких
rs10937405,TT,Рак лёгких
rs3817963,TT,Рак лёгких
rs1663689,TT,Рак лёгких
rs6489769,TT,Рак лёгких
rs12296850,GG,Рак лёгких
rs31490,GG,Рак лёгких
rs2895680,TT,Рак лёгких
rs12203592,CC,Меланома
rs885479,GG,Меланома
rs258322,GG,Меланома
rs3219090,TT,Меланома
rs16953002,GG,Меланома
rs1110400,TT,Меланома
rs872071,AA,Меланома
rs2228479,GG,Меланома
rs154659,TT,Меланома
rs61996344,TT,Меланома
rs3212361,GG,Меланома
rs1805009,GG,Меланома
rs1805005,GG,Меланома
rs11547464,GG,Меланома
rs1805008,CC,Меланома
rs1805007,CC,Меланома
rs17119461,TT,Меланома
rs1393350,GG,Меланома
rs2284063,AA,Меланома
rs13016963,GG,Меланома
rs45430,TT,Меланома
rs7412746,CC,Меланома
rs4785763,CC,Меланома
rs7023329,GG,Меланома
rs35390,AA,Меланома
rs910873,GG,Меланома
rs1800407,CC,Меланома
rs1885120,GG,Меланома
rs861539,GG,Меланома
rs13181,TT,Меланома
rs1267601,TT,Меланома
rs5742909,CC,Саркома
rs2279744,TT,Саркома
rs1800795,CC,Саркома
rs231775,AA,Саркома
rs11203289,GG,Саркома
rs6734469,GG,Саркома
rs199752932,AA,Рак щитовидной
rs1800860,AA,Рак щитовидной
rs9282834,GG,Рак щитовидной
rs17158558,CC,Рак щитовидной
rs1800858,AA,Рак щитовидной
rs6983267,TT,Рак щитовидной
rs944289,CC,Рак щитовидной
rs2961920,CC,Рак щитовидной
rs965513,GG,Рак щитовидной
rs966423,TT,Рак щитовидной
rs2439302,CC,Рак щитовидной
rs116909374,CC,Рак щитовидной
rs1867277,GG,Рак щитовидной
rs2910164,GG,Рак щитовидной
rs1443434,TT,Рак щитовидной
rs4129267,CC,Рак крови
rs4537545,CC,Рак крови
rs1801282,CC,Рак крови
rs7089424,TT,Рак крови
rs4132601,TT,Рак крови
rs17505102,GG,Рак крови
rs563507,GG,Рак крови
rs2239633,AA,Рак крови
rs674313,CC,Рак крови
rs4987852,TT,Рак крови
rs305061,TT,Рак крови
rs2466035,TT,Рак крови
rs13397985,TT,Рак крови
rs2511714,TT,Рак крови
rs31490,GG,Рак крови
rs4406737,AA,Рак крови
rs6858698,GG,Рак крови
rs210134,AA,Рак крови
rs9273012,AA,Рак крови
rs7944004,GG,Рак крови
rs1439287,GG,Рак крови
rs4368253,TT,Рак крови
rs1044873,TT,Рак крови
rs17246404,TT,Рак крови
rs10936599,CC,Рак крови
rs11022157,CC,Рак крови
rs757978,CC,Рак крови
rs210142,TT,Рак крови
rs1679013,TT,Рак крови
rs9273363,CC,Рак крови
rs391023,TT,Рак крови
rs11636802,AA,Рак крови
rs11083846,GG,Рак крови
rs735665,GG,Рак крови
rs872071,AA,Рак крови
rs391525,AA,Рак крови
rs3769825,AA,Рак крови
rs2456449,AA,Рак крови
rs926070,GG,Рак крови
rs9378805,AA,Рак крови
rs2236256,AA,Рак крови
rs898518,CC,Рак крови
rs17483466,AA,Рак крови
rs1800682,GG,Рак крови
rs7176508,GG,Рак крови
rs13401811,AA,Рак крови
rs76428106,TT,Рак крови
rs35602083,CC,Рак крови
rs61756766,GG,Рак крови
rs2075726,AA,Рак крови
rs1036935,GG,Рак крови
rs1800566,GG,Рак крови
rs2858870,TT,Рак крови
rs9268528,AA,Рак крови
rs9268542,AA,Рак крови
rs6903608,TT,Рак крови
rs204999,AA,Рак крови
rs2019960,TT,Рак крови
rs501764,TT,Рак крови
rs2395185,GG,Рак крови
rs2069757,GG,Рак крови
rs2248462,GG,Рак крови
rs27524,GG,Рак крови
rs20541,GG,Рак крови
rs444929,TT,Рак крови
rs7745098,TT,Рак крови
rs1860661,GG,Рак крови
rs3806624,GG,Рак крови
rs1432295,AA,Рак крови
rs6691170,GG,Рак крови
rs11249433,AA,Рак крови
rs16754,TT,Рак крови
rs10821936,TT,Рак крови
rs11978267,AA,Рак крови
rs3731217,AA,Рак крови
rs909253,AA,Рак крови
rs2239704,AA,Рак крови
rs1801274,AA,Рак крови
rs3757318,GG,Рак груди
rs2363956,TT,Рак груди
rs10069690,CC,Рак груди
rs4245739,AA,Рак груди
rs10771399,AA,Рак груди
rs10822013,CC,Рак груди
rs1562430,TT,Рак груди
rs13393577,TT,Рак груди
rs865686,GG,Рак груди
rs10995190,AA,Рак груди
rs13281615,AA,Рак груди
rs2981582,GG,Рак груди
rs1011970,GG,Рак груди
rs9485372,GG,Рак груди
rs2981579,GG,Рак груди
rs2046210,GG,Рак груди
rs11249433,AA,Рак груди
rs8170,GG,Рак груди
rs3803662,GG,Рак груди
rs704010,CC,Рак груди
rs3817198,TT,Рак груди
rs4973768,CC,Рак груди
rs4784227,CC,Рак груди
rs3112612,GG,Рак груди
rs889312,AA,Рак груди
rs2981575,AA,Рак груди
rs13387042,GG,Рак груди
rs2180341,AA,Рак груди
rs1219648,AA,Рак груди
rs11242675,CC,Рак груди
rs2380205,TT,Рак груди
rs10510102,TT,Рак груди
rs1436904,GG,Рак груди
rs9383938,GG,Рак груди
rs7072776,GG,Рак груди
rs2823093,GG,Рак груди
rs6788895,GG,Рак груди
rs720475,GG,Рак груди
rs4849887,TT,Рак груди
rs909116,CC,Рак груди
rs1432679,TT,Рак груди
rs999737,CC,Рак груди
rs11199914,CC,Рак груди
rs12922061,CC,Рак груди
rs2284378,CC,Рак груди
rs17530068,TT,Рак груди
rs17356907,GG,Рак груди
rs10941679,AA,Рак груди
rs7904519,AA,Рак груди
rs6504950,AA,Рак груди
rs3760982,GG,Рак груди
rs3734805,AA,Рак груди
rs8100241,AA,Рак груди
rs2588809,CC,Рак груди
rs2981578,CC,Рак груди
rs6472903,GG,Рак груди
rs16886165,TT,Рак груди
rs3903072,GG,Рак груди
rs6556756,TT,Рак груди
rs737387,GG,Рак груди
rs4455437,AA,Рак груди
rs12493607,GG,Рак груди
rs527616,CC,Рак груди
rs7535752,GG,Рак груди
rs16857609,CC,Рак груди
rs10853029,TT,Рак груди
rs12422552,GG,Рак груди
rs10759243,CC,Рак груди
rs11780156,CC,Рак груди
rs12355688,CC,Рак груди
rs12710696,CC,Рак груди
rs1926657,CC,Рак груди
rs11820646,TT,Рак груди
rs9790517,CC,Рак груди
rs10472076,TT,Рак груди
rs9693444,CC,Рак груди
rs11075995,TT,Рак груди
rs13329835,AA,Рак груди
rs1078806,AA,Рак груди
rs11571833,AA,Рак груди
rs941764,AA,Рак груди
rs4808801,GG,Рак груди
rs1550623,GG,Рак груди
rs458685,AA,Рак груди
rs11814448,AA,Рак груди
rs6678914,GG,Рак груди
rs1799977,AA,Рак груди
rs6983267,TT,Колоректальный рак
rs4987188,GG,Колоректальный рак
rs433852,CC,Колоректальный рак
rs8111500,GG,Колоректальный рак
rs3760775,GG,Колоректальный рак
rs12608544,GG,Колоректальный рак
rs2071699,GG,Колоректальный рак
rs11880333,CC,Колоректальный рак
rs441810,AA,Колоректальный рак
rs7030248,GG,Колоректальный рак
rs1047781,AA,Колоректальный рак
rs12603526,TT,Колоректальный рак
rs2423279,TT,Колоректальный рак
rs10849432,TT,Колоректальный рак
rs12309274,TT,Колоректальный рак
rs11903757,TT,Колоректальный рак
rs367615,TT,Колоректальный рак
rs39453,TT,Колоректальный рак
rs4939827,CC,Колоректальный рак
rs6691170,GG,Колоректальный рак
rs7758229,GG,Колоректальный рак
rs4246215,GG,Колоректальный рак
rs9929218,GG,Колоректальный рак
rs10505477,GG,Колоректальный рак
rs7229639,GG,Колоректальный рак
rs7014346,GG,Колоректальный рак
rs34245511,GG,Колоректальный рак
rs1800469,GG,Колоректальный рак
rs11169552,TT,Колоректальный рак
rs10774214,CC,Колоректальный рак
rs1665650,CC,Колоректальный рак
rs10411210,CC,Колоректальный рак
rs10936599,CC,Колоректальный рак
rs2241714,CC,Колоректальный рак
rs2427308,CC,Колоректальный рак
rs4779584,CC,Колоректальный рак
rs961253,CC,Колоректальный рак
rs4591517,CC,Колоректальный рак
rs4925386,TT,Колоректальный рак
rs3217810,CC,Колоректальный рак
rs140355816,CC,Колоректальный рак
rs11255841,AA,Колоректальный рак
rs6687758,AA,Колоректальный рак
rs10795668,AA,Колоректальный рак
rs73376930,AA,Колоректальный рак
rs2057314,GG,Колоректальный рак
rs704017,AA,Колоректальный рак
rs9365723,AA,Колоректальный рак
rs1321311,CC,Колоректальный рак
rs6469656,AA,Колоректальный рак
rs16892766,AA,Колоректальный рак
rs3217901,AA,Колоректальный рак
rs11196172,GG,Колоректальный рак
rs3802842,AA,Колоректальный рак
rs10911251,AA,Колоректальный рак
rs1799977,AA,Колоректальный рак
rs1800734,GG,Колоректальный рак
rs2229995,GG,Колоректальный рак
rs465899,AA,Колоректальный рак
rs719725,CC,Колоректальный рак
rs36053993,CC,Колоректальный рак
rs4464148,TT,Колоректальный рак
rs396991,AA,Колоректальный рак
rs2276330,TT,Рак желудка
rs33935154,GG,Рак желудка
rs16260,CC,Рак желудка
rs55819519,CC,Рак желудка
rs4074785,GG,Рак желудка
rs2071543,GG,Рак желудка
rs1045487,GG,Рак желудка
rs61756766,GG,Рак желудка
rs9357155,GG,Рак желудка
rs1518111,CC,Рак желудка
rs1800896,TT,Рак желудка
rs3024493,CC,Рак желудка
rs3810936,CC,Рак желудка
rs763110,TT,Рак желудка
rs4561508,CC,Рак желудка
rs4985726,CC,Рак желудка
rs11574514,CC,Рак желудка
rs2234978,CC,Рак желудка
rs3731249,CC,Рак желудка
rs2834167,AA,Рак желудка
rs735299,GG,Рак желудка
rs6924102,AA,Рак желудка
rs9276810,GG,Рак желудка
rs1800871,GG,Рак желудка
rs2157453,GG,Рак желудка
rs229527,CC,Рак желудка
rs3024490,CC,Рак желудка
rs4273077,AA,Рак желудка
rs3754935,AA,Рак желудка
rs3731217,AA,Рак желудка
rs1800682,GG,Рак желудка
rs3731211,AA,Рак желудка
rs429358,TT,Рак желудка
rs4783244,GG,Рак желудка
rs2858331,AA,Рак желудка
rs7551188,TT,Рак желудка
rs1607237,TT,Рак желудка
rs2236851,CC,Рак желудка
rs870995,CC,Рак желудка
rs11706842,CC,Рак желудка
rs113613074,CC,Рак желудка
rs7501331,CC,Рак желудка
rs2236225,GG,Рак желудка
rs231775,AA,Рак желудка
rs162036,AA,Рак желудка
rs4072037,TT,Рак желудка
rs2274223,AA,Рак желудка
rs2976392,GG,Рак желудка
rs9543325,TT,Рак пищеварения
rs372883,CC,Рак пищеварения
rs9573163,CC,Рак пищеварения
rs1547374,AA,Рак пищеварения
rs2255280,AA,Рак пищеварения
rs5768709,AA,Рак пищеварения
rs12413624,AA,Рак пищеварения
rs225190,TT,Рак пищеварения
rs3016539,TT,Рак пищеварения
rs9502893,CC,Рак пищеварения
rs1585440,GG,Рак пищеварения
rs1000589,GG,Рак пищеварения
rs9874556,GG,Рак пищеварения
rs9363918,TT,Рак пищеварения
rs6464375,CC,Рак пищеварения
rs4924935,TT,Рак пищеварения
rs1886449,CC,Рак пищеварения
rs2257205,CC,Рак пищеварения
rs12615966,CC,Рак пищеварения
rs6879627,CC,Рак пищеварения
rs12456874,AA,Рак пищеварения
rs6736997,CC,Рак пищеварения
rs3790844,GG,Рак пищеварения
rs6971499,TT,Рак пищеварения
rs9581943,GG,Рак пищеварения
rs7190458,GG,Рак пищеварения
rs1561927,CC,Рак пищеварения
rs16986825,CC,Рак пищеварения
rs1169310,GG,Рак пищеварения
rs2259816,GG,Рак пищеварения
rs7310409,GG,Рак пищеварения
rs1183910,GG,Рак пищеварения
rs144848,AA,Рак пищеварения
rs1047972,CC,Рак пищеварения
rs12953717,TT,Рак пищеварения
rs2274223,AA,Рак пищеварения
rs17655,CC,Рак пищеварения
rs11614913,TT,Рак пищеварения
rs3746444,AA,Рак пищеварения
rs11615,AA,Рак пищеварения
rs1229984,CC,Рак пищеварения
rs1048943,TT,Рак пищеварения
rs505922,TT,Рак пищеварения
rs9895829,AA,Рак пищеварения
rs7216389,CC,Астма
rs1051931,AA,Астма
rs4950928,CC,Астма
rs1805018,AA,Астма
rs7009110,CC,Астма
rs1837253,TT,Астма
rs4833095,CC,Астма
rs62026376,TT,Астма
rs1438673,TT,Астма
rs17294280,AA,Астма
rs72699186,AA,Астма
rs10197862,GG,Астма
rs6754459,CC,Астма
rs20541,GG,Астма
rs1800925,CC,Астма
rs2066960,CC,Астма
rs1295686,CC,Астма
rs848,CC,Астма
rs17218161,TT,Астма
rs2473967,TT,Астма
rs16929097,GG,Астма
rs7927044,GG,Астма
rs12570188,CC,Астма
rs9815663,CC,Астма
rs4658627,GG,Астма
rs7328278,AA,Астма
rs10521233,AA,Астма
rs2303067,AA,Астма
rs17334242,AA,Астма
rs4986790,AA,Астма
rs4986791,CC,Астма
rs1801105,CC,Астма
rs2280089,GG,Астма
rs2280090,GG,Астма
rs612709,GG,Астма
rs574174,CC,Астма
rs44707,TT,Астма
rs2787094,CC,Астма
rs569108,AA,Астма
rs324981,AA,Астма
rs1154404,AA,Астма
rs4794067,TT,Астма
rs2074190,AA,Астма
rs9910408,GG,Астма
rs2240017,CC,Астма
rs16947078,AA,Астма
rs11650354,CC,Астма
rs2070874,CC,Астма
rs2241712,CC,Астма
rs2278206,GG,Астма
rs4378650,GG,Астма
rs12603332,TT,Астма
rs8067378,AA,Астма
rs6591255,TT,Астма
rs1800896,TT,Астма
rs3024492,TT,Астма
rs3024496,AA,Астма
rs3802780,GG,Астма
rs1978331,AA,Астма
rs11569562,AA,Астма
rs1042713,GG,Астма
rs1446495,AA,Астма
rs3918396,TT,Астма
rs689465,CC,Астма
rs2407992,CC,Астма
rs320995,GG,Астма
rs2251746,CC,Астма
rs2427837,AA,Астма
rs8069176,AA,Астма
rs2305480,GG,Астма
rs4795400,CC,Астма
rs3741240,GG,Астма
rs12422149,GG,Астма
rs3804100,TT,Астма
rs11650680,CC,Астма
rs8193036,TT,Астма
rs1420101,CC,Астма
rs7740529,CC,Астма
rs10402876,CC,Астма
rs366510,GG,Астма
rs1334710,AA,Астма
rs4959389,AA,Астма
rs977785,AA,Астма
rs11558538,CC,Астма
rs8321,AA,ВИЧ
rs2395029,TT,ВИЧ
rs10484554,CC,ВИЧ
rs3108919,TT,ВИЧ
rs1020064,TT,ВИЧ
rs1522232,TT,ВИЧ
rs4118325,AA,ВИЧ
rs10800098,GG,ВИЧ
rs1360517,CC,ВИЧ
rs1556032,TT,ВИЧ
rs1015164,GG,ВИЧ
rs11239930,GG,ВИЧ
rs6467710,GG,ВИЧ
rs11884476,CC,ВИЧ
rs7217319,TT,ВИЧ
rs6441975,CC,ВИЧ
rs477687,GG,ВИЧ
rs6076463,CC,ВИЧ
rs9264942,TT,ВИЧ
rs2572886,GG,ВИЧ
rs1799864,GG,ВИЧ
rs4418214,TT,ВИЧ
rs3131018,AA,ВИЧ
rs9261174,TT,ВИЧ
rs9368699,TT,ВИЧ
rs8069770,GG,ВИЧ
rs17762192,CC,ВИЧ
rs2234358,TT,ВИЧ
rs12483205,AA,ВИЧ
rs152363,CC,ВИЧ
rs1265112,TT,ВИЧ
rs1127888,CC,ВИЧ
rs667859,GG,ВИЧ
rs2306242,TT,ВИЧ
rs444772,GG,ВИЧ
rs3796375,GG,ВИЧ
rs1421085,TT,Ожирение
rs1558902,TT,Ожирение
rs9930506,AA,Ожирение
rs9939609,TT,Ожирение
rs17817449,TT,Ожирение
rs9940128,GG,Ожирение
rs1121980,GG,Ожирение
rs12149832,GG,Ожирение
rs3751812,GG,Ожирение
rs8044769,CC,Ожирение
rs11642841,CC,Ожирение
rs8050136,CC,Ожирение
rs6499662,AA,Ожирение
rs6499640,GG,Ожирение
rs16953002,GG,Ожирение
rs8043757,AA,Ожирение
rs1861868,CC,Ожирение
rs34114122,TT,Ожирение
rs4994,AA,Ожирение
rs11075990,AA,Ожирение
rs5082,AA,Ожирение
rs2229616,CC,Ожирение
rs16964465,AA,Ожирение
rs16964476,AA,Ожирение
rs3764220,AA,Ожирение
rs1528133,TT,Ожирение
rs2272382,GG,Ожирение
rs2272383,AA,Ожирение
rs3865188,AA,Ожирение
rs6971091,GG,Ожирение
rs4142322,TT,Ожирение
rs17573102,GG,Ожирение
rs9028,CC,Ожирение
rs7149926,CC,Ожирение
rs11753543,GG,Ожирение
rs9736016,TT,Ожирение
rs7635777,CC,Ожирение
rs9384860,AA,Ожирение
rs2470315,TT,Ожирение
rs6093921,GG,Ожирение
rs2283208,GG,Ожирение
rs6928576,TT,Ожирение
rs10945918,CC,Ожирение
rs6902153,CC,Ожирение
rs12925846,CC,Ожирение
rs10954428,GG,Ожирение
rs10797020,GG,Ожирение
rs1578761,AA,Ожирение
rs10489833,TT,Ожирение
rs11264997,AA,Ожирение
rs12540206,GG,Ожирение
rs975118,AA,Ожирение
rs7512592,AA,Ожирение
rs1873511,TT,Ожирение
rs6697656,GG,Ожирение
rs6963221,TT,Ожирение
rs6679056,GG,Ожирение
rs6976491,TT,Ожирение
rs7800006,AA,Ожирение
rs1776012,GG,Ожирение
rs2173676,TT,Ожирение
rs2060457,CC,Ожирение
rs2948300,CC,Ожирение
rs2953802,GG,Ожирение
rs435581,GG,Ожирение
rs666595,GG,Ожирение
rs2241005,TT,Ожирение
rs750456,TT,Ожирение
rs12295638,TT,Ожирение
rs1435703,GG,Ожирение
rs6726292,GG,Ожирение
rs2274459,GG,Ожирение
rs999943,AA,Ожирение
rs9941349,CC,Ожирение
rs10433903,TT,Ожирение
rs6110577,TT,Ожирение
rs7603514,GG,Ожирение
rs12635698,TT,Ожирение
rs10999409,TT,Ожирение
rs7474896,CC,Ожирение
rs374748,AA,Ожирение
rs11624704,AA,Ожирение
rs17126232,CC,Ожирение
rs16867321,CC,Ожирение
rs11680012,GG,Ожирение
rs17773430,TT,Ожирение
rs12463617,CC,Ожирение
rs1993709,GG,Ожирение
rs1957894,GG,Ожирение
rs11208659,TT,Ожирение
rs11109072,CC,Ожирение
rs3101336,TT,Ожирение
rs16923476,GG,Ожирение
rs17025867,GG,Ожирение
rs3782724,AA,Ожирение
rs2275848,GG,Ожирение
rs1631486,GG,Ожирение
rs12408810,TT,Ожирение
rs476828,TT,Ожирение
rs564343,GG,Ожирение
rs1048466,AA,Ожирение
rs9328321,GG,Ожирение
rs1704198,GG,Ожирение
rs988712,TT,Ожирение
rs2116830,TT,Ожирение
rs17700144,GG,Ожирение
rs4756846,TT,Ожирение
rs297325,TT,Ожирение
rs1424233,CC,Ожирение
rs17782313,TT,Ожирение
rs1805081,CC,Ожирение
rs4712652,GG,Ожирение
rs734597,GG,Ожирение
rs699363,AA,Ожирение
rs970843,GG,Ожирение
rs10401969,TT,Ожирение
rs4823173,GG,Ожирение
rs12145833,GG,Ожирение
rs11127485,CC,Ожирение
rs17150703,GG,Ожирение
rs10105606,CC,Ожирение
rs651821,TT,Ожирение
rs972317,TT,Ожирение
rs1808579,CC,Ожирение
rs2605100,AA,Ожирение
rs987237,AA,Ожирение
rs6429082,TT,Ожирение
rs2943650,CC,Ожирение
rs534870,GG,Ожирение
rs9568856,GG,Ожирение
rs9299,CC,Ожирение
rs7132908,GG,Ожирение
rs6567160,TT,Ожирение
rs13130484,CC,Ожирение
rs10182181,AA,Ожирение
rs2030323,AA,Ожирение
rs2112347,GG,Ожирение
rs7498665,AA,Ожирение
rs887912,CC,Ожирение
rs2531995,CC,Ожирение
rs9816226,AA,Ожирение
rs7138803,GG,Ожирение
rs7141420,CC,Ожирение
rs1800437,CC,Ожирение
rs10968576,AA,Ожирение
rs7185735,AA,Ожирение
rs2207139,AA,Ожирение
rs10938397,AA,Ожирение
rs10871777,AA,Ожирение
rs2568958,GG,Ожирение
rs13078807,AA,Ожирение
rs2523454,GG,Псориаз
rs3134792,TT,Псориаз
rs12586317,CC,Псориаз
rs240993,CC,Псориаз
rs1076160,CC,Псориаз
rs610604,TT,Псориаз
rs4085613,GG,Псориаз
rs17728338,GG,Псориаз
rs280519,GG,Псориаз
rs1265181,CC,Псориаз
rs27524,GG,Псориаз
rs4649203,GG,Псориаз
rs8016947,TT,Псориаз
rs458017,TT,Псориаз
rs702873,CC,Псориаз
rs3213094,CC,Псориаз
rs10484554,CC,Псориаз
rs33980500,CC,Псориаз
rs12191877,CC,Псориаз
rs842636,AA,Псориаз
rs2546890,GG,Псориаз
rs6809854,AA,Псориаз
rs2082412,AA,Псориаз
rs4112788,AA,Псориаз
rs465969,GG,Псориаз
rs12720356,AA,Псориаз
rs12580100,GG,Псориаз
rs2066808,GG,Псориаз
rs10782001,AA,Псориаз
rs495337,GG,Псориаз
rs2201841,AA,Псориаз
rs4795067,AA,Псориаз
rs3212227,TT,Псориаз
rs1265159,GG,Псориаз
rs887466,AA,Псориаз
rs12634229,TT,Псориаз
rs6661961,CC,Псориаз
rs13015714,TT,Псориаз
rs479844,AA,Псориаз
rs878860,TT,Псориаз
rs10995251,TT,Псориаз
rs4722404,TT,Псориаз
rs593982,TT,Псориаз
rs2164983,CC,Псориаз
rs7927894,CC,Псориаз
rs3853601,CC,Псориаз
rs7613051,GG,Псориаз
rs176095,GG,Псориаз
rs3126085,GG,Псориаз
rs1444418,GG,Псориаз
rs7130588,AA,Псориаз
rs4406273,GG,Псориаз
rs144475004,GG,Псориаз
rs4379333,TT,Псориаз
rs734232,GG,Псориаз
rs6887695,CC,Псориаз
rs7993214,CC,Псориаз
rs6701216,CC,Псориаз
rs3803369,CC,Псориаз
rs814628,GG,Кето-диета
rs2306179,CC,Кето-диета
rs5883,TT,Кето-диета
rs694066,GG,Кето-диета
rs5950584,GG,Кето-диета
rs12204701,AA,Кето-диета
rs9943291,GG,Кето-диета
rs10060615,CC,Кето-диета
rs274555,CC,Кето-диета
rs7938117,GG,Кето-диета
rs597539,GG,Кето-диета
rs11161521,TT,Кето-диета
rs2286963,TT,Кето-диета
rs1799958,GG,Кето-диета
rs3916,CC,Кето-диета
rs1522813,AA,Кето-диета
rs1801282,CC,Кето-диета
rs1440581,CC,Кето-диета
rs3764261,CC,Кето-диета
rs1799883,AA,Кето-диета
rs4994,AA,Кето-диета
rs13200531,GG,Низкокал. диета
rs9344031,GG,Низкокал. диета
rs481777,GG,Низкокал. диета
rs1544241,TT,Низкокал. диета
rs10132280,AA,Низкокал. диета
rs1377985,CC,Низкокал. диета
rs11113832,CC,Низкокал. диета
rs7512601,TT,Низкокал. диета
rs11185098,AA,Низкокал. диета
rs2419621,TT,Низкокал. диета
rs17300539,AA,Низкокал. диета
rs1501299,GG,Низкокал. диета
rs1801260,AA,Низкокал. диета
rs179883,GG,Низкокал. диета
rs9939609,TT,Низкокал. диета
rs694066,GG,Низкокал. диета
rs41423247,GG,Низкокал. диета
rs659366,AA,Низкокал. диета
rs1799883,AA,Низкокал. диета
rs4994,AA,Низкокал. диета
rs9939609,TT,Средиземн. диета
rs1800795,CC,Средиземн. диета
rs16147,AA,Средиземн. диета
rs1501299,GG,Средиземн. диета
rs1801260,AA,Средиземн. диета
rs13702,CC,Средиземн. диета
rs3812316,GG,Средиземн. диета
rs1801282,CC,Средиземн. диета
rs4343,AA,Средиземн. диета
rs8061518,AA,Средиземн. диета
rs1130864,GG,Средиземн. диета
rs659366,AA,Средиземн. диета
rs6131,CC,Средиземн. диета
rs12535708,CC,Средиземн. диета
rs708272,AA,Средиземн. диета
rs2241766,TT,Средиземн. диета
rs1799883,AA,Средиземн. диета
rs4994,AA,Средиземн. диета
rs2943641,CC,Низкожир. диета
rs964184,CC,Низкожир. диета
rs9939609,TT,Низкожир. диета
rs6795735,GG,Низкожир. диета
rs10182181,AA,Низкожир. диета
rs266729,GG,Низкожир. диета
rs987237,AA,Низкожир. диета
rs2287019,TT,Низкожир. диета
rs10830963,CC,Низкожир. диета
rs11150675,GG,Низкожир. диета
rs1799883,AA,Низкожир. диета
rs4994,AA,Низкожир. диета
rs174547,TT,Вегет. диета
rs602662,AA,Вегет. диета
rs429358,TT,Вегет. диета
rs7412,CC,Вегет. диета
rs12325817,CC,Вегет. диета
rs4646343,GG,Вегет. диета
rs3760188,CC,Вегет. диета
rs7946,CC,Вегет. диета
rs1531100,GG,Вегет. диета
rs4646365,CC,Вегет. диета
rs601338,GG,Вегет. диета
rs492602,AA,Вегет. диета
rs572169,CC,Вегет. диета
rs4684677,TT,Вегет. диета
rs26747,GG,Вегет. диета
rs7566605,GG,Вегет. диета
rs509325,TT,Вегет. диета
rs6545790,AA,Вегет. диета
rs7560575,TT,Вегет. диета
rs2196476,GG,Вегет. диета
rs587056,CC,Вегет. диета
rs1421085,TT,Вегет. диета
rs35867081,AA,Вегет. диета
rs60259426,GG,Вегет. диета
rs6089240,AA,Вегет. диета
rs12934922,AA,Вегет. диета
rs7501331,CC,Вегет. диета
rs1805087,AA,Вегет. диета
rs1801394,AA,Вегет. диета
rs1799883,AA,Вегет. диета
rs4994,AA,Вегет. диета
rs987237,AA,Высокобелк. диета
rs1558902,TT,Высокобелк. диета
rs12785878,GG,Высокобелк. диета
rs2970848,AA,Высокобелк. диета
rs2970853,GG,Высокобелк. диета
rs2932976,GG,Высокобелк. диета
rs11629199,GG,Высокобелк. диета
rs10507391,AA,Высокобелк. диета
rs4076128,GG,Высокобелк. диета
rs1058046,CC,Высокобелк. диета
rs4998,CC,Высокобелк. диета
rs838133,AA,Высокобелк. диета
rs1229984,CC,Высокобелк. диета
rs28712821,AA,Высокобелк. диета
rs1603977,AA,Высокобелк. диета
rs780094,CC,Высокобелк. диета
rs6601299,CC,Высокобелк. диета
rs579459,TT,Высокобелк. диета
rs34050136,AA,Высокобелк. диета
rs445551,GG,Высокобелк. диета
rs12402440,GG,Высокобелк. диета
rs59756727,TT,Высокобелк. диета
rs7760212,AA,Высокобелк. диета
rs2391333,CC,Высокобелк. диета
rs9512706,AA,Высокобелк. диета
rs668056,CC,Высокобелк. диета
rs5755279,AA,Высокобелк. диета
rs12405096,CC,Высокобелк. диета
rs74565497,AA,Высокобелк. диета
rs117301188,CC,Высокобелк. диета
rs7833349,CC,Высокобелк. диета
rs2391331,TT,Высокобелк. диета
rs12715065,AA,Высокобелк. диета
rs11940694,GG,Высокобелк. диета
rs1799883,AA,Высокобелк. диета
rs4994,AA,Высокобелк. диета
rs2187668,CC,Безглют. диета
rs2858331,AA,Безглют. диета
rs6441961,TT,Безглют. диета
rs6822844,GG,Безглют. диета
rs2395182,TT,Безглют. диета
rs9851967,CC,Безглют. диета
rs7775228,TT,Безглют. диета
rs4713586,AA,Безглют. диета
rs3184504,CC,Безглют. диета
rs231775,AA,Безглют. диета
rs2816316,AA,Безглют. диета
rs4994,AA,Безглют. диета